Filename,SphinxAPI,AzureAPI,HoundifyAPI
afrikaans1.wav,False,False,False
afrikaans2.wav,False,False,True
afrikaans3.wav,False,False,False
afrikaans4.wav,False,False,True
afrikaans5.wav,False,False,False
agni1.wav,False,False,False
akan1.wav,False,False,False
albanian1.wav,False,False,True
albanian2.wav,False,False,False
albanian3.wav,False,False,False
albanian4.wav,False,False,False
albanian5.wav,False,False,False
albanian6.wav,False,False,False
albanian7.wav,False,False,True
albanian8.wav,False,False,False
albanian9.wav,False,False,False
amazigh1.wav,False,False,False
amazigh2.wav,False,False,False
amharic1.wav,False,False,False
amharic10.wav,False,False,False
amharic11.wav,False,False,False
amharic12.wav,False,False,False
amharic13.wav,False,False,False
amharic14.wav,False,False,False
amharic15.wav,False,False,False
amharic16.wav,False,False,False
amharic17.wav,False,False,False
amharic18.wav,False,False,True
amharic19.wav,False,False,False
amharic2.wav,False,False,False
amharic20.wav,False,False,False
amharic3.wav,False,False,False
amharic4.wav,False,False,False
amharic5.wav,False,False,False
amharic6.wav,False,False,False
amharic7.wav,False,False,True
amharic8.wav,False,False,False
amharic9.wav,False,False,False
arabic1.wav,False,False,False
arabic10.wav,False,False,False
arabic100.wav,False,False,False
arabic101.wav,False,False,False
arabic102.wav,False,False,False
arabic11.wav,False,False,False
arabic12.wav,False,False,False
arabic13.wav,False,False,False
arabic14.wav,False,False,False
arabic15.wav,False,False,False
arabic16.wav,False,False,False
arabic17.wav,False,False,False
arabic18.wav,False,False,False
arabic19.wav,False,False,False
arabic2.wav,False,False,True
arabic20.wav,False,False,False
arabic21.wav,False,False,True
arabic22.wav,False,False,False
arabic23.wav,False,False,False
arabic24.wav,False,False,False
arabic25.wav,False,False,True
arabic26.wav,False,False,False
arabic27.wav,False,False,False
arabic28.wav,False,False,False
arabic29.wav,False,False,False
arabic3.wav,False,False,False
arabic30.wav,False,False,False
arabic31.wav,False,False,False
arabic32.wav,False,False,False
arabic33.wav,False,False,False
arabic34.wav,False,False,True
arabic35.wav,False,False,False
arabic36.wav,False,False,False
arabic37.wav,False,False,False
arabic38.wav,False,False,True
arabic39.wav,False,False,False
arabic4.wav,False,False,False
arabic40.wav,False,False,False
arabic41.wav,False,False,False
arabic42.wav,False,False,False
arabic43.wav,False,False,False
arabic44.wav,False,False,False
arabic45.wav,False,False,False
arabic46.wav,False,False,False
arabic47.wav,False,False,False
arabic48.wav,False,False,False
arabic49.wav,False,False,False
arabic5.wav,False,False,False
arabic50.wav,False,False,False
arabic51.wav,False,False,False
arabic52.wav,False,False,False
arabic53.wav,False,False,False
arabic54.wav,False,False,False
arabic55.wav,False,False,False
arabic56.wav,False,False,False
arabic57.wav,False,False,True
arabic58.wav,False,False,False
arabic59.wav,False,False,False
arabic6.wav,False,False,False
arabic60.wav,False,False,False
arabic61.wav,False,False,True
arabic62.wav,False,False,False
arabic63.wav,False,False,False
arabic64.wav,False,False,False
arabic65.wav,False,False,False
arabic66.wav,False,False,False
arabic67.wav,False,False,False
arabic68.wav,False,False,False
arabic69.wav,False,False,False
arabic7.wav,False,False,False
arabic70.wav,False,False,False
arabic71.wav,False,False,False
arabic72.wav,False,False,False
arabic73.wav,False,False,True
arabic74.wav,False,False,False
arabic75.wav,False,False,False
arabic76.wav,False,False,False
arabic77.wav,False,False,False
arabic78.wav,False,False,True
arabic79.wav,False,False,False
arabic8.wav,False,False,False
arabic80.wav,False,False,False
arabic81.wav,False,False,False
arabic82.wav,False,False,False
arabic83.wav,False,False,False
arabic84.wav,False,False,False
arabic85.wav,False,False,False
arabic86.wav,False,False,True
arabic87.wav,False,False,False
arabic88.wav,False,False,False
arabic89.wav,False,False,False
arabic9.wav,False,False,False
arabic90.wav,False,False,False
arabic91.wav,False,False,False
arabic92.wav,False,False,False
arabic93.wav,False,False,False
arabic94.wav,False,False,False
arabic95.wav,False,False,False
arabic96.wav,False,False,False
arabic97.wav,False,False,False
arabic98.wav,False,False,False
arabic99.wav,False,False,False
armenian1.wav,False,False,False
armenian2.wav,False,False,False
armenian3.wav,False,False,False
armenian4.wav,False,False,False
armenian5.wav,False,False,False
armenian6.wav,False,False,False
armenian7.wav,False,False,False
armenian8.wav,False,False,False
ashanti1.wav,False,False,False
azerbaijani1.wav,False,False,False
azerbaijani2.wav,False,False,False
azerbaijani3.wav,False,False,False
bafang1.wav,False,False,False
bafang2.wav,False,False,False
baga1.wav,False,False,False
bai1.wav,False,False,False
bambara1.wav,False,False,False
bambara2.wav,False,False,False
bambara3.wav,False,False,False
bambara4.wav,False,False,False
bambara5.wav,False,False,False
bamun1.wav,False,False,False
bari1.wav,False,False,False
bari2.wav,False,False,False
basque1.wav,False,False,False
basque2.wav,False,False,False
bavarian1.wav,False,False,False
bavarian2.wav,False,False,False
belarusan1.wav,False,False,False
belarusan2.wav,False,False,False
belarusan3.wav,False,False,False
bengali1.wav,False,False,False
bengali10.wav,False,False,False
bengali11.wav,False,False,True
bengali12.wav,False,False,False
bengali13.wav,False,False,False
bengali14.wav,False,False,False
bengali15.wav,False,False,False
bengali16.wav,False,False,False
bengali17.wav,False,False,True
bengali2.wav,False,False,False
bengali3.wav,False,False,False
bengali4.wav,False,False,False
bengali5.wav,False,False,False
bengali6.wav,False,False,False
bengali7.wav,False,False,False
bengali8.wav,False,False,False
bengali9.wav,False,False,False
bosnian1.wav,False,False,False
bosnian2.wav,False,False,False
bosnian3.wav,False,False,False
bosnian4.wav,False,False,False
bosnian5.wav,False,False,False
bosnian6.wav,False,False,False
bosnian7.wav,False,False,False
bosnian8.wav,False,False,False
bosnian9.wav,False,False,False
bulgarian1.wav,False,False,True
bulgarian10.wav,False,False,False
bulgarian11.wav,False,False,False
bulgarian12.wav,False,False,False
bulgarian13.wav,False,False,False
bulgarian14.wav,False,False,False
bulgarian15.wav,False,False,False
bulgarian16.wav,False,False,False
bulgarian17.wav,False,False,False
bulgarian18.wav,False,False,False
bulgarian2.wav,False,False,False
bulgarian3.wav,False,False,False
bulgarian4.wav,False,False,False
bulgarian5.wav,False,False,False
bulgarian6.wav,False,False,False
bulgarian7.wav,False,False,True
bulgarian8.wav,False,False,False
bulgarian9.wav,False,False,False
burmese1.wav,False,False,False
burmese2.wav,False,False,False
cantonese1.wav,False,False,False
cantonese10.wav,False,False,False
cantonese11.wav,False,False,False
cantonese12.wav,False,False,False
cantonese13.wav,False,False,False
cantonese14.wav,False,False,False
cantonese15.wav,False,False,False
cantonese16.wav,False,False,False
cantonese17.wav,False,False,True
cantonese18.wav,False,False,False
cantonese19.wav,False,False,False
cantonese2.wav,False,False,False
cantonese20.wav,False,False,False
cantonese21.wav,False,False,False
cantonese22.wav,False,False,False
cantonese23.wav,False,False,False
cantonese3.wav,False,False,False
cantonese4.wav,False,False,False
cantonese5.wav,False,False,False
cantonese6.wav,False,False,False
cantonese7.wav,False,False,False
cantonese8.wav,False,False,False
cantonese9.wav,False,False,False
carolinian1.wav,False,False,False
catalan1.wav,False,False,False
catalan2.wav,False,False,True
catalan3.wav,False,False,False
catalan4.wav,False,False,False
cebuano1.wav,False,False,True
chaldean1.wav,False,False,True
chaldean2.wav,False,False,False
chamorro1.wav,False,False,False
chichewa1.wav,False,False,False
chittagonian1.wav,False,False,False
croatian1.wav,False,False,False
croatian2.wav,False,False,True
croatian3.wav,False,False,False
croatian4.wav,False,False,False
croatian5.wav,False,False,False
croatian6.wav,False,False,False
croatian7.wav,False,False,False
croatian8.wav,False,False,False
czech1.wav,False,False,True
czech2.wav,False,False,False
czech3.wav,False,False,False
czech4.wav,False,False,False
czech5.wav,False,False,False
czech6.wav,False,False,False
czech7.wav,False,False,False
czech8.wav,False,False,False
czech9.wav,False,False,False
danish1.wav,False,False,False
danish2.wav,False,False,False
danish3.wav,False,False,False
danish4.wav,False,False,False
danish5.wav,False,False,True
danish6.wav,False,False,False
danish7.wav,False,False,False
danish8.wav,False,False,False
dari1.wav,False,False,False
dari2.wav,False,False,False
dari3.wav,False,False,False
dari4.wav,False,False,False
dari5.wav,False,False,False
dinka1.wav,False,False,False
dutch1.wav,False,False,False
dutch10.wav,False,False,True
dutch11.wav,False,False,False
dutch12.wav,False,False,False
dutch13.wav,False,False,False
dutch14.wav,False,False,True
dutch15.wav,False,False,False
dutch16.wav,False,False,True
dutch17.wav,False,False,False
dutch18.wav,False,False,False
dutch19.wav,False,False,False
dutch2.wav,False,False,False
dutch20.wav,False,False,False
dutch21.wav,False,False,False
dutch22.wav,False,False,False
dutch23.wav,False,False,False
dutch24.wav,False,False,False
dutch25.wav,False,False,True
dutch26.wav,False,False,False
dutch27.wav,False,False,True
dutch28.wav,False,False,False
dutch29.wav,False,False,False
dutch3.wav,False,False,False
dutch30.wav,False,False,False
dutch31.wav,False,False,False
dutch32.wav,False,False,False
dutch33.wav,False,False,False
dutch34.wav,False,False,False
dutch35.wav,False,False,False
dutch36.wav,False,False,False
dutch37.wav,False,False,True
dutch38.wav,False,False,True
dutch39.wav,False,False,False
dutch4.wav,False,False,False
dutch40.wav,False,False,False
dutch41.wav,False,False,False
dutch42.wav,False,False,True
dutch43.wav,False,False,False
dutch44.wav,False,False,False
dutch45.wav,False,False,False
dutch46.wav,False,False,False
dutch47.wav,False,False,True
dutch5.wav,False,False,True
dutch6.wav,False,False,False
dutch7.wav,False,False,False
dutch8.wav,False,False,False
dutch9.wav,False,False,True
ebira1.wav,False,False,False
edo1.wav,False,False,False
english1.wav,False,False,True
english10.wav,False,False,False
english100.wav,False,False,False
english101.wav,False,False,True
english102.wav,False,False,True
english103.wav,False,False,False
english104.wav,False,False,True
english105.wav,False,False,True
english106.wav,False,False,True
english107.wav,False,False,False
english108.wav,False,False,False
english109.wav,False,False,False
english11.wav,False,False,False
english110.wav,False,False,False
english111.wav,False,False,False
english112.wav,False,False,False
english113.wav,False,False,True
english114.wav,False,False,False
english115.wav,False,False,False
english116.wav,False,False,False
english117.wav,False,False,True
english118.wav,False,False,True
english119.wav,False,False,False
english12.wav,False,False,False
english120.wav,False,False,False
english121.wav,False,False,True
english122.wav,False,False,True
english123.wav,False,False,False
english124.wav,False,False,False
english125.wav,False,False,False
english126.wav,False,False,False
english127.wav,False,False,False
english128.wav,False,False,False
english129.wav,False,False,False
english13.wav,False,False,False
english130.wav,False,False,False
english131.wav,False,False,False
english132.wav,False,False,True
english133.wav,False,False,True
english134.wav,False,False,False
english135.wav,False,False,True
english136.wav,False,False,True
english137.wav,False,False,True
english138.wav,False,False,True
english139.wav,False,False,False
english14.wav,False,False,False
english140.wav,False,False,True
english141.wav,False,False,-1
english142.wav,False,False,False
english143.wav,False,False,-1
english144.wav,False,False,True
english145.wav,False,False,True
english146.wav,False,False,False
english147.wav,False,False,True
english148.wav,False,False,False
english149.wav,False,False,False
english15.wav,False,False,False
english150.wav,False,False,True
english151.wav,False,False,False
english152.wav,False,False,False
english153.wav,False,False,False
english154.wav,False,False,False
english155.wav,False,False,False
english156.wav,False,False,True
english157.wav,False,False,False
english158.wav,False,False,True
english159.wav,False,False,False
english16.wav,False,False,False
english160.wav,False,False,False
english161.wav,False,False,False
english162.wav,False,False,False
english163.wav,False,False,True
english164.wav,False,False,False
english165.wav,False,False,True
english166.wav,False,False,False
english167.wav,False,False,True
english168.wav,False,False,True
english169.wav,False,False,-1
english17.wav,False,False,False
english170.wav,False,False,False
english171.wav,False,False,False
english172.wav,False,False,False
english173.wav,False,False,False
english174.wav,False,False,False
english175.wav,False,False,False
english176.wav,False,False,False
english177.wav,False,False,True
english178.wav,False,False,False
english179.wav,False,False,False
english18.wav,False,False,False
english180.wav,False,False,False
english181.wav,False,False,True
english182.wav,False,False,True
english183.wav,False,False,False
english184.wav,False,False,True
english185.wav,False,False,True
english186.wav,False,False,False
english187.wav,False,False,True
english188.wav,False,False,False
english189.wav,False,False,True
english19.wav,False,False,False
english190.wav,False,False,False
english191.wav,False,False,False
english192.wav,False,False,True
english193.wav,False,False,False
english194.wav,False,False,False
english195.wav,False,False,False
english196.wav,False,False,False
english197.wav,False,False,False
english198.wav,False,False,False
english199.wav,False,False,True
english2.wav,False,False,False
english20.wav,False,False,True
english200.wav,False,False,True
english201.wav,False,False,False
english202.wav,False,False,False
english203.wav,False,False,True
english204.wav,False,False,False
english205.wav,False,False,False
english206.wav,False,False,False
english207.wav,False,False,True
english208.wav,False,False,True
english209.wav,False,False,True
english21.wav,False,False,True
english210.wav,False,False,False
english211.wav,False,False,False
english212.wav,False,False,True
english213.wav,False,False,False
english214.wav,False,False,False
english215.wav,False,False,True
english216.wav,False,False,False
english217.wav,False,False,False
english218.wav,False,False,True
english219.wav,False,False,False
english22.wav,False,False,False
english220.wav,False,False,True
english221.wav,False,False,False
english222.wav,False,False,True
english223.wav,False,False,True
english224.wav,False,False,False
english225.wav,False,False,False
english226.wav,False,False,False
english227.wav,False,False,False
english228.wav,False,False,False
english229.wav,False,False,False
english23.wav,False,False,False
english230.wav,False,False,False
english231.wav,False,False,True
english232.wav,False,False,False
english233.wav,False,False,False
english234.wav,False,False,True
english235.wav,False,False,False
english236.wav,False,False,False
english237.wav,False,False,True
english238.wav,False,False,False
english239.wav,False,False,False
english24.wav,False,False,False
english240.wav,False,False,True
english241.wav,False,False,False
english242.wav,False,False,False
english243.wav,False,False,False
english244.wav,False,False,True
english245.wav,False,False,True
english246.wav,False,False,True
english247.wav,False,False,True
english248.wav,False,False,True
english249.wav,False,False,False
english25.wav,False,False,False
english250.wav,False,False,False
english251.wav,False,False,False
english252.wav,False,False,False
english253.wav,False,False,False
english254.wav,False,False,True
english255.wav,False,False,False
english256.wav,False,False,False
english257.wav,False,False,True
english258.wav,False,False,False
english259.wav,False,False,False
english26.wav,False,False,False
english260.wav,False,False,True
english261.wav,False,False,False
english262.wav,False,False,False
english263.wav,False,False,False
english264.wav,False,False,False
english265.wav,False,False,True
english266.wav,False,False,False
english267.wav,False,False,False
english268.wav,False,False,False
english269.wav,False,False,True
english27.wav,False,False,False
english270.wav,False,False,False
english271.wav,False,False,False
english272.wav,False,False,True
english273.wav,False,False,True
english274.wav,False,False,False
english275.wav,False,False,False
english276.wav,False,False,True
english277.wav,False,False,True
english278.wav,False,False,False
english279.wav,False,False,True
english28.wav,False,False,False
english280.wav,False,False,False
english281.wav,False,False,False
english282.wav,False,False,True
english283.wav,False,False,False
english284.wav,False,False,True
english285.wav,False,False,False
english286.wav,False,False,False
english287.wav,False,False,False
english288.wav,False,False,False
english289.wav,False,False,True
english29.wav,False,False,True
english290.wav,False,False,True
english291.wav,False,False,True
english292.wav,False,False,False
english293.wav,False,False,True
english294.wav,False,False,False
english295.wav,False,False,False
english296.wav,False,False,True
english297.wav,False,False,False
english298.wav,False,False,False
english299.wav,False,False,False
english3.wav,False,False,False
english30.wav,False,False,False
english300.wav,False,False,True
english301.wav,False,False,False
english302.wav,False,False,False
english303.wav,False,False,True
english304.wav,False,False,False
english305.wav,False,False,False
english306.wav,False,False,False
english307.wav,False,False,True
english308.wav,False,False,False
english309.wav,False,False,False
english31.wav,False,False,False
english310.wav,False,False,False
english311.wav,False,False,False
english312.wav,False,False,False
english313.wav,False,False,False
english314.wav,False,False,False
english315.wav,False,False,True
english316.wav,False,False,False
english317.wav,False,False,True
english318.wav,False,False,False
english319.wav,False,False,False
english32.wav,False,False,True
english320.wav,False,False,False
english321.wav,False,False,True
english322.wav,False,False,False
english323.wav,False,False,True
english324.wav,False,False,False
english325.wav,False,False,False
english326.wav,False,False,False
english327.wav,False,False,True
english328.wav,False,False,False
english329.wav,False,False,True
english33.wav,False,False,False
english330.wav,False,False,True
english331.wav,False,False,False
english332.wav,False,False,False
english333.wav,False,False,True
english334.wav,False,False,False
english335.wav,False,False,False
english336.wav,False,False,True
english337.wav,False,False,True
english338.wav,False,False,False
english339.wav,False,False,False
english34.wav,False,False,False
english340.wav,False,False,False
english341.wav,False,False,False
english342.wav,False,False,True
english343.wav,False,False,True
english344.wav,False,False,True
english345.wav,False,False,True
english346.wav,False,False,False
english347.wav,False,False,True
english348.wav,False,False,True
english349.wav,False,False,True
english35.wav,False,False,True
english350.wav,False,False,True
english351.wav,False,False,False
english352.wav,False,False,False
english353.wav,False,False,True
english354.wav,False,False,False
english355.wav,False,False,True
english356.wav,False,False,True
english357.wav,False,False,True
english358.wav,False,False,False
english359.wav,False,False,True
english36.wav,False,False,False
english360.wav,False,False,True
english361.wav,False,False,False
english362.wav,False,False,True
english363.wav,False,False,False
english364.wav,False,False,False
english365.wav,False,False,False
english366.wav,False,False,False
english367.wav,False,False,False
english368.wav,False,False,True
english369.wav,False,False,True
english37.wav,False,False,False
english370.wav,False,False,False
english371.wav,False,False,True
english372.wav,False,False,False
english373.wav,False,False,True
english374.wav,False,False,False
english375.wav,False,False,True
english376.wav,False,False,True
english377.wav,False,False,False
english378.wav,False,False,-1
english379.wav,False,False,True
english38.wav,False,False,False
english380.wav,False,False,True
english381.wav,False,False,False
english382.wav,False,False,False
english383.wav,False,False,True
english384.wav,False,False,False
english385.wav,False,False,False
english386.wav,False,False,True
english387.wav,False,False,False
english388.wav,False,False,False
english389.wav,False,False,False
english39.wav,False,False,False
english390.wav,False,False,False
english391.wav,False,False,False
english392.wav,False,False,False
english393.wav,False,False,False
english394.wav,False,False,False
english395.wav,False,False,False
english396.wav,False,False,True
english397.wav,False,False,False
english398.wav,False,False,False
english399.wav,False,False,False
english4.wav,False,False,False
english40.wav,False,False,False
english400.wav,False,False,True
english401.wav,False,False,False
english402.wav,False,False,False
english403.wav,False,False,False
english404.wav,False,False,True
english405.wav,False,False,False
english406.wav,False,False,True
english407.wav,False,False,-1
english408.wav,False,False,True
english409.wav,False,False,True
english41.wav,False,False,False
english410.wav,False,False,False
english411.wav,False,False,True
english412.wav,False,False,True
english413.wav,False,False,False
english414.wav,False,False,False
english415.wav,False,False,True
english416.wav,False,False,True
english417.wav,False,False,False
english418.wav,False,False,False
english419.wav,False,False,False
english42.wav,False,False,False
english420.wav,False,False,False
english421.wav,False,False,False
english422.wav,False,False,True
english423.wav,False,False,False
english424.wav,False,False,False
english425.wav,False,False,False
english426.wav,False,False,True
english427.wav,False,False,False
english428.wav,False,False,True
english429.wav,False,False,True
english43.wav,False,False,True
english430.wav,False,False,False
english431.wav,False,False,False
english432.wav,False,False,False
english433.wav,False,False,False
english434.wav,False,False,True
english435.wav,False,False,False
english436.wav,False,False,False
english437.wav,False,False,True
english438.wav,False,False,False
english439.wav,False,False,True
english44.wav,False,False,True
english440.wav,False,False,False
english441.wav,False,False,True
english442.wav,False,False,False
english443.wav,False,False,False
english444.wav,False,False,True
english445.wav,False,False,True
english446.wav,False,False,False
english447.wav,False,False,True
english448.wav,False,False,False
english449.wav,False,False,True
english45.wav,False,False,False
english450.wav,False,False,False
english451.wav,False,False,False
english452.wav,False,False,False
english453.wav,False,False,False
english454.wav,False,False,True
english455.wav,False,False,True
english456.wav,False,False,False
english457.wav,False,False,False
english458.wav,False,False,True
english459.wav,False,False,True
english46.wav,False,False,False
english460.wav,False,False,True
english461.wav,False,False,True
english462.wav,False,False,True
english463.wav,False,False,False
english464.wav,False,False,True
english465.wav,False,False,True
english466.wav,False,False,True
english467.wav,False,False,True
english468.wav,False,False,False
english469.wav,False,False,True
english47.wav,False,False,False
english470.wav,False,False,False
english471.wav,False,False,False
english472.wav,False,False,True
english473.wav,False,False,False
english474.wav,False,False,True
english475.wav,False,False,True
english476.wav,False,False,False
english477.wav,False,False,False
english478.wav,False,False,True
english479.wav,False,False,False
english48.wav,False,False,False
english480.wav,False,False,False
english481.wav,False,False,-1
english482.wav,False,False,True
english483.wav,False,False,True
english484.wav,False,False,True
english485.wav,False,False,False
english486.wav,False,False,False
english487.wav,False,False,False
english488.wav,False,False,False
english489.wav,False,False,False
english49.wav,False,False,False
english490.wav,False,False,False
english491.wav,False,False,False
english492.wav,False,False,False
english493.wav,False,False,False
english494.wav,False,False,False
english495.wav,False,False,True
english496.wav,False,False,False
english497.wav,False,False,True
english498.wav,False,False,False
english499.wav,False,False,False
english5.wav,False,False,False
english50.wav,False,False,True
english500.wav,False,False,False
english501.wav,False,False,True
english502.wav,False,False,True
english503.wav,False,False,False
english504.wav,False,False,False
english505.wav,False,False,False
english506.wav,False,False,False
english507.wav,False,False,False
english508.wav,False,False,True
english509.wav,False,False,False
english51.wav,False,False,False
english510.wav,False,False,True
english511.wav,False,False,False
english512.wav,False,False,True
english513.wav,False,False,False
english514.wav,False,False,True
english515.wav,False,False,False
english516.wav,False,False,False
english517.wav,False,False,False
english518.wav,False,False,True
english519.wav,False,False,False
english52.wav,False,False,False
english520.wav,False,False,False
english521.wav,False,False,False
english522.wav,False,False,True
english523.wav,False,False,False
english524.wav,False,False,True
english525.wav,False,False,True
english526.wav,False,False,True
english527.wav,False,False,True
english528.wav,False,False,False
english529.wav,False,False,True
english53.wav,False,False,False
english530.wav,False,False,True
english531.wav,False,False,True
english532.wav,False,False,True
english533.wav,False,False,False
english534.wav,False,False,False
english535.wav,False,False,True
english536.wav,False,False,True
english537.wav,False,False,True
english538.wav,False,False,True
english539.wav,False,False,True
english54.wav,False,False,False
english540.wav,False,False,False
english541.wav,False,False,False
english542.wav,False,False,False
english543.wav,False,False,True
english544.wav,False,False,False
english545.wav,False,False,False
english546.wav,False,False,False
english547.wav,False,False,False
english548.wav,False,False,False
english549.wav,False,False,False
english55.wav,False,False,False
english550.wav,False,False,False
english551.wav,False,False,False
english552.wav,False,False,False
english553.wav,False,False,False
english554.wav,False,False,True
english555.wav,False,False,False
english556.wav,False,False,False
english557.wav,False,False,False
english558.wav,False,False,False
english559.wav,False,False,False
english56.wav,False,False,True
english560.wav,False,False,True
english561.wav,False,False,True
english562.wav,False,False,False
english563.wav,False,False,True
english564.wav,False,False,False
english565.wav,False,False,False
english566.wav,False,False,False
english567.wav,False,False,True
english568.wav,False,False,False
english569.wav,False,False,False
english57.wav,False,False,False
english570.wav,False,False,True
english571.wav,False,False,True
english572.wav,False,False,False
english573.wav,False,False,True
english574.wav,False,False,False
english575.wav,False,False,False
english576.wav,False,False,False
english577.wav,False,False,False
english578.wav,False,False,-1
english579.wav,False,False,False
english58.wav,False,False,False
english59.wav,False,False,False
english6.wav,False,False,False
english60.wav,False,False,True
english61.wav,False,False,True
english62.wav,False,False,True
english63.wav,False,False,False
english64.wav,False,False,True
english65.wav,False,False,True
english66.wav,False,False,False
english67.wav,False,False,False
english68.wav,False,False,False
english69.wav,False,False,False
english7.wav,False,False,False
english70.wav,False,False,False
english71.wav,False,False,False
english72.wav,False,False,False
english73.wav,False,False,True
english74.wav,False,False,True
english75.wav,False,False,True
english76.wav,False,False,True
english77.wav,False,False,True
english78.wav,False,False,True
english79.wav,False,False,False
english8.wav,False,False,True
english80.wav,False,False,False
english81.wav,False,False,True
english82.wav,False,False,True
english83.wav,False,False,False
english84.wav,False,False,False
english85.wav,False,False,False
english86.wav,False,False,False
english87.wav,False,False,False
english88.wav,False,False,False
english89.wav,False,False,False
english9.wav,False,False,True
english90.wav,False,False,False
english91.wav,False,False,False
english92.wav,False,False,True
english93.wav,False,False,True
english94.wav,False,False,False
english95.wav,False,False,True
english96.wav,False,False,False
english97.wav,False,False,True
english98.wav,False,False,True
english99.wav,False,False,False
estonian1.wav,False,False,True
estonian2.wav,False,False,False
estonian3.wav,False,False,True
estonian4.wav,False,False,True
ewe1.wav,False,False,False
ewe2.wav,False,False,False
fang1.wav,False,False,False
fanti1.wav,False,False,False
fanti2.wav,False,False,False
fanti3.wav,False,False,False
faroese1.wav,False,False,False
farsi1.wav,False,False,False
farsi10.wav,False,False,False
farsi11.wav,False,False,False
farsi12.wav,False,False,False
farsi13.wav,False,False,False
farsi14.wav,False,False,False
farsi15.wav,False,False,False
farsi16.wav,False,False,False
farsi17.wav,False,False,False
farsi18.wav,False,False,False
farsi19.wav,False,False,False
farsi2.wav,False,False,False
farsi20.wav,False,False,False
farsi21.wav,False,False,False
farsi22.wav,False,False,False
farsi23.wav,False,False,False
farsi3.wav,False,False,False
farsi4.wav,False,False,False
farsi5.wav,False,False,False
farsi6.wav,False,False,False
farsi7.wav,False,False,True
farsi8.wav,False,False,False
farsi9.wav,False,False,False
fataluku1.wav,False,False,False
fijian1.wav,False,False,False
fijian2.wav,False,False,True
fijian3.wav,False,False,False
filipino1.wav,False,False,True
filipino2.wav,False,False,False
finnish1.wav,False,False,False
finnish2.wav,False,False,-1
finnish3.wav,False,False,True
finnish4.wav,False,False,False
finnish5.wav,False,False,False
finnish6.wav,False,False,False
finnish7.wav,False,False,False
finnish8.wav,False,False,False
french1.wav,False,False,False
french10.wav,False,False,True
french11.wav,False,False,-1
french12.wav,False,False,True
french13.wav,False,False,False
french14.wav,False,False,False
french15.wav,False,False,-1
french16.wav,False,False,False
french17.wav,False,False,False
french18.wav,False,False,True
french19.wav,False,False,False
french2.wav,False,False,False
french20.wav,False,False,False
french21.wav,False,False,False
french22.wav,False,False,False
french23.wav,False,False,-1
french24.wav,False,False,False
french25.wav,False,False,True
french26.wav,False,False,True
french27.wav,False,False,False
french28.wav,False,False,True
french29.wav,False,False,False
french3.wav,False,False,False
french30.wav,False,False,False
french31.wav,False,False,False
french32.wav,False,False,False
french33.wav,False,False,True
french34.wav,False,False,False
french35.wav,False,False,False
french36.wav,False,False,False
french37.wav,False,False,False
french38.wav,False,False,-1
french39.wav,False,False,False
french4.wav,False,False,False
french40.wav,False,False,True
french41.wav,False,False,False
french42.wav,False,False,False
french43.wav,False,False,False
french44.wav,False,False,-1
french45.wav,False,False,False
french46.wav,False,False,False
french47.wav,False,False,False
french48.wav,False,False,False
french49.wav,False,False,False
french5.wav,False,False,False
french50.wav,False,False,False
french51.wav,False,False,False
french52.wav,False,False,False
french53.wav,False,False,False
french54.wav,False,False,False
french55.wav,False,False,False
french56.wav,False,False,False
french57.wav,False,False,False
french58.wav,False,False,False
french59.wav,False,False,False
french6.wav,False,False,False
french60.wav,False,False,False
french61.wav,False,False,False
french62.wav,False,False,False
french63.wav,False,False,False
french7.wav,False,False,True
french8.wav,False,False,False
french9.wav,False,False,False
frisian1.wav,False,False,True
ga1.wav,False,False,False
ga2.wav,False,False,True
ga3.wav,False,False,False
ga4.wav,False,False,False
ga5.wav,False,False,False
ga6.wav,False,False,False
gan1.wav,False,False,False
ganda1.wav,False,False,False
ganda2.wav,False,False,False
garifuna1.wav,False,False,False
garifuna2.wav,False,False,False
gedeo1.wav,False,False,False
georgian1.wav,False,False,False
georgian2.wav,False,False,False
georgian3.wav,False,False,False
georgian4.wav,False,False,False
georgian5.wav,False,False,False
german1.wav,False,False,False
german10.wav,False,False,False
german11.wav,False,False,False
german12.wav,False,False,True
german13.wav,False,False,False
german14.wav,False,False,False
german15.wav,False,False,False
german16.wav,False,False,False
german17.wav,False,False,True
german18.wav,False,False,False
german19.wav,False,False,True
german2.wav,False,False,False
german20.wav,False,False,True
german21.wav,False,False,True
german22.wav,False,False,False
german23.wav,False,False,False
german24.wav,False,False,False
german25.wav,False,False,False
german26.wav,False,False,False
german27.wav,False,False,True
german28.wav,False,False,False
german29.wav,False,False,False
german3.wav,False,False,False
german30.wav,False,False,False
german31.wav,False,False,False
german32.wav,False,False,True
german33.wav,False,False,False
german34.wav,False,False,False
german35.wav,False,False,True
german36.wav,False,False,True
german4.wav,False,False,False
german5.wav,False,False,False
german6.wav,False,False,False
german7.wav,False,False,True
german8.wav,False,False,True
german9.wav,False,False,False
greek1.wav,False,False,False
greek10.wav,False,False,False
greek11.wav,False,False,-1
greek12.wav,False,False,False
greek13.wav,False,False,False
greek14.wav,False,False,True
greek15.wav,False,False,False
greek2.wav,False,False,-1
greek3.wav,False,False,False
greek4.wav,False,False,False
greek5.wav,False,False,False
greek6.wav,False,False,False
greek7.wav,False,False,False
greek8.wav,False,False,True
greek9.wav,False,False,-1
gujarati1.wav,False,False,False
gujarati2.wav,False,False,False
gujarati3.wav,False,False,True
gujarati4.wav,False,False,False
gujarati5.wav,False,False,True
gujarati6.wav,False,False,False
gujarati7.wav,False,False,False
gujarati8.wav,False,False,True
gujarati9.wav,False,False,False
gusii1.wav,False,False,False
gusii2.wav,False,False,False
hadiyya1.wav,False,False,False
hadiyya2.wav,False,False,False
hainanese1.wav,False,False,False
hakka1.wav,False,False,False
hausa1.wav,False,False,False
hausa2.wav,False,False,False
hausa3.wav,False,False,False
hausa4.wav,False,False,False
hausa5.wav,False,False,False
hausa6.wav,False,False,False
hausa7.wav,False,False,False
hausa8.wav,False,False,False
hausa9.wav,False,False,False
hebrew1.wav,False,False,False
hebrew2.wav,False,False,True
hebrew3.wav,False,False,False
hebrew4.wav,False,False,False
hebrew5.wav,False,False,False
hebrew6.wav,False,False,True
hebrew7.wav,False,False,False
hebrew8.wav,False,False,False
hebrew9.wav,False,False,True
hindi1.wav,False,False,False
hindi10.wav,False,False,True
hindi11.wav,False,False,False
hindi12.wav,False,False,False
hindi13.wav,False,False,False
hindi14.wav,False,False,False
hindi15.wav,False,False,False
hindi16.wav,False,False,False
hindi17.wav,False,False,True
hindi18.wav,False,False,True
hindi2.wav,False,False,False
hindi3.wav,False,False,False
hindi4.wav,False,False,False
hindi5.wav,False,False,False
hindi6.wav,False,False,True
hindi7.wav,False,False,False
hindi8.wav,False,False,False
hindi9.wav,False,False,True
hindko1.wav,False,False,False
hmong1.wav,False,False,False
hmong2.wav,False,False,False
hungarian1.wav,False,False,False
hungarian2.wav,False,False,False
hungarian3.wav,False,False,False
hungarian4.wav,False,False,False
hungarian5.wav,False,False,False
hungarian6.wav,False,False,True
hungarian7.wav,False,False,-1
hungarian8.wav,False,False,False
hungarian9.wav,False,False,False
ibibio1.wav,False,False,False
ibibio2.wav,False,False,False
ibibio3.wav,False,False,False
icelandic1.wav,False,False,False
icelandic2.wav,False,False,True
icelandic3.wav,False,False,True
ife1.wav,False,False,False
igbo1.wav,False,False,False
igbo2.wav,False,False,False
igbo3.wav,False,False,False
ilonggo1.wav,False,False,False
indonesian1.wav,False,False,False
indonesian2.wav,False,False,False
indonesian3.wav,False,False,False
indonesian4.wav,False,False,False
indonesian5.wav,False,False,False
indonesian6.wav,False,False,False
indonesian7.wav,False,False,False
indonesian8.wav,False,False,False
irish1.wav,False,False,True
italian1.wav,False,False,False
italian10.wav,False,False,False
italian11.wav,False,False,False
italian12.wav,False,False,False
italian13.wav,False,False,False
italian14.wav,False,False,False
italian15.wav,False,False,False
italian16.wav,False,False,False
italian17.wav,False,False,False
italian18.wav,False,False,False
italian19.wav,False,False,False
italian2.wav,False,False,False
italian20.wav,False,False,False
italian21.wav,False,False,False
italian22.wav,False,False,False
italian23.wav,False,False,True
italian24.wav,False,False,False
italian25.wav,False,False,True
italian26.wav,False,False,False
italian27.wav,False,False,False
italian28.wav,False,False,False
italian29.wav,False,False,False
italian3.wav,False,False,True
italian30.wav,False,False,False
italian31.wav,False,False,False
italian32.wav,False,False,False
italian33.wav,False,False,False
italian4.wav,False,False,False
italian5.wav,False,False,False
italian6.wav,False,False,-1
italian7.wav,False,False,False
italian8.wav,False,False,False
italian9.wav,False,False,False
japanese1.wav,False,False,False
japanese10.wav,False,False,False
japanese11.wav,False,False,False
japanese12.wav,False,False,False
japanese13.wav,False,False,False
japanese14.wav,False,False,False
japanese15.wav,False,False,False
japanese16.wav,False,False,True
japanese17.wav,False,False,False
japanese18.wav,False,False,-1
japanese19.wav,False,False,False
japanese2.wav,False,False,-1
japanese20.wav,False,False,False
japanese21.wav,False,False,False
japanese22.wav,False,False,False
japanese23.wav,False,False,-1
japanese24.wav,False,False,False
japanese25.wav,False,False,False
japanese26.wav,False,False,False
japanese27.wav,False,False,-1
japanese3.wav,False,False,False
japanese4.wav,False,False,False
japanese5.wav,False,False,False
japanese6.wav,False,False,False
japanese7.wav,False,False,False
japanese8.wav,False,False,False
japanese9.wav,False,False,-1
jola1.wav,False,False,False
kabyle1.wav,False,False,False
kalanga1.wav,False,False,False
kambaata1.wav,False,False,False
kambaata2.wav,False,False,False
kambaata3.wav,False,False,False
kannada1.wav,False,False,False
kanuri1.wav,False,False,False
kazakh1.wav,False,False,False
kazakh2.wav,False,False,False
kazakh3.wav,False,False,False
khmer1.wav,False,False,False
khmer2.wav,False,False,False
khmer3.wav,False,False,False
khmer4.wav,False,False,False
khmer5.wav,False,False,False
khmer6.wav,False,False,False
khmer7.wav,False,False,False
kikongo1.wav,False,False,False
kikongo2.wav,False,False,False
kikuyu1.wav,False,False,False
kikuyu2.wav,False,False,False
kikuyu3.wav,False,False,True
kikuyu4.wav,False,False,False
kirghiz1.wav,False,False,False
kiswahili1.wav,False,False,-1
kiswahili2.wav,False,False,False
kiswahili3.wav,False,False,False
kiswahili4.wav,False,False,False
kiswahili5.wav,False,False,False
kiswahili6.wav,False,False,False
kiswahili7.wav,False,False,False
kiswahili8.wav,False,False,False
kiswahili9.wav,False,False,False
konkani1.wav,False,False,False
korean1.wav,False,False,False
korean10.wav,False,False,False
korean11.wav,False,False,False
korean12.wav,False,False,False
korean13.wav,False,False,False
korean14.wav,False,False,-1
korean15.wav,False,False,False
korean16.wav,False,False,False
korean17.wav,False,False,False
korean18.wav,False,False,False
korean19.wav,False,False,False
korean2.wav,False,False,False
korean20.wav,False,False,False
korean21.wav,False,False,False
korean22.wav,False,False,False
korean23.wav,False,False,False
korean24.wav,False,False,False
korean25.wav,False,False,False
korean26.wav,False,False,False
korean27.wav,False,False,False
korean28.wav,False,False,False
korean29.wav,False,False,False
korean3.wav,False,False,False
korean30.wav,False,False,False
korean31.wav,False,False,False
korean32.wav,False,False,False
korean33.wav,False,False,True
korean34.wav,False,False,False
korean35.wav,False,False,False
korean36.wav,False,False,False
korean37.wav,False,False,False
korean38.wav,False,False,False
korean39.wav,False,False,False
korean4.wav,False,False,False
korean40.wav,False,False,False
korean41.wav,False,False,False
korean42.wav,False,False,False
korean43.wav,False,False,False
korean44.wav,False,False,False
korean45.wav,False,False,False
korean46.wav,False,False,False
korean47.wav,False,False,True
korean48.wav,False,False,False
korean49.wav,False,False,False
korean5.wav,False,False,False
korean50.wav,False,False,False
korean51.wav,False,False,False
korean52.wav,False,False,True
korean6.wav,False,False,-1
korean7.wav,False,False,False
korean8.wav,False,False,False
korean9.wav,False,False,False
krio1.wav,False,False,False
krio2.wav,False,False,False
krio3.wav,False,False,False
krio4.wav,False,False,False
krio5.wav,False,False,False
krio6.wav,False,False,False
kru1.wav,False,False,False
kurdish1.wav,False,False,False
kurdish10.wav,False,False,False
kurdish2.wav,False,False,False
kurdish3.wav,False,False,False
kurdish4.wav,False,False,False
kurdish5.wav,False,False,False
kurdish6.wav,False,False,False
kurdish7.wav,False,False,False
kurdish8.wav,False,False,False
kurdish9.wav,False,False,False
lamaholot1.wav,False,False,False
lamotrekese1.wav,False,False,False
lao1.wav,False,False,False
lao2.wav,False,False,False
lao3.wav,False,False,False
latvian1.wav,False,False,False
latvian2.wav,False,False,True
latvian3.wav,False,False,False
lingala1.wav,False,False,False
lithuanian1.wav,False,False,False
lithuanian2.wav,False,False,False
lithuanian3.wav,False,False,True
lithuanian4.wav,False,False,False
lithuanian5.wav,False,False,False
lithuanian6.wav,False,False,False
luo1.wav,False,False,False
luo2.wav,False,False,False
luxembourgeois1.wav,False,False,False
macedonian1.wav,False,False,False
macedonian10.wav,False,False,False
macedonian11.wav,False,False,False
macedonian12.wav,False,False,False
macedonian13.wav,False,False,True
macedonian14.wav,False,False,False
macedonian15.wav,False,False,False
macedonian16.wav,False,False,False
macedonian17.wav,False,False,False
macedonian18.wav,False,False,True
macedonian19.wav,False,False,False
macedonian2.wav,False,False,False
macedonian20.wav,False,False,False
macedonian21.wav,False,False,False
macedonian22.wav,False,False,False
macedonian23.wav,False,False,False
macedonian24.wav,False,False,False
macedonian25.wav,False,False,False
macedonian26.wav,False,False,False
macedonian3.wav,False,False,False
macedonian4.wav,False,False,False
macedonian5.wav,False,False,True
macedonian6.wav,False,False,False
macedonian7.wav,False,False,True
macedonian8.wav,False,False,True
macedonian9.wav,False,False,False
malagasy1.wav,False,False,False
malay1.wav,False,False,True
malay2.wav,False,False,False
malay3.wav,False,False,False
malay4.wav,False,False,False
malay5.wav,False,False,False
malayalam1.wav,False,False,False
malayalam2.wav,False,False,False
malayalam3.wav,False,False,True
malayalam4.wav,False,False,False
maltese1.wav,False,False,True
maltese2.wav,False,False,False
mandarin1.wav,False,False,False
mandarin10.wav,False,False,False
mandarin11.wav,False,False,False
mandarin12.wav,False,False,False
mandarin13.wav,False,False,False
mandarin14.wav,False,False,False
mandarin15.wav,False,False,False
mandarin16.wav,False,False,False
mandarin17.wav,False,False,False
mandarin18.wav,False,False,False
mandarin19.wav,False,False,False
mandarin2.wav,False,False,False
mandarin20.wav,False,False,False
mandarin21.wav,False,False,False
mandarin22.wav,False,False,False
mandarin23.wav,False,False,False
mandarin24.wav,False,False,True
mandarin25.wav,False,False,False
mandarin26.wav,False,False,-1
mandarin27.wav,False,False,False
mandarin28.wav,False,False,False
mandarin29.wav,False,False,False
mandarin3.wav,False,False,False
mandarin30.wav,False,False,False
mandarin31.wav,False,False,False
mandarin32.wav,False,False,False
mandarin33.wav,False,False,False
mandarin34.wav,False,False,False
mandarin35.wav,False,False,-1
mandarin36.wav,False,False,False
mandarin37.wav,False,False,False
mandarin38.wav,False,False,False
mandarin39.wav,False,False,False
mandarin4.wav,False,False,True
mandarin40.wav,False,False,False
mandarin41.wav,False,False,False
mandarin42.wav,False,False,False
mandarin43.wav,False,False,False
mandarin44.wav,False,False,False
mandarin45.wav,False,False,False
mandarin46.wav,False,False,False
mandarin47.wav,False,False,False
mandarin48.wav,False,False,False
mandarin49.wav,False,False,False
mandarin5.wav,False,False,False
mandarin50.wav,False,False,False
mandarin51.wav,False,False,-1
mandarin52.wav,False,False,False
mandarin53.wav,False,False,False
mandarin54.wav,False,False,False
mandarin55.wav,False,False,False
mandarin56.wav,False,False,False
mandarin57.wav,False,False,False
mandarin58.wav,False,False,-1
mandarin59.wav,False,False,False
mandarin6.wav,False,False,False
mandarin60.wav,False,False,False
mandarin61.wav,False,False,False
mandarin62.wav,False,False,False
mandarin63.wav,False,False,False
mandarin64.wav,False,False,False
mandarin65.wav,False,False,False
mandarin7.wav,False,False,True
mandarin8.wav,False,False,False
mandarin9.wav,False,False,False
mandingo1.wav,False,False,False
mandinka1.wav,False,False,False
mankanya1.wav,False,False,False
marathi1.wav,False,False,True
marathi2.wav,False,False,False
marathi3.wav,False,False,True
mauritian1.wav,False,False,False
mauritian2.wav,False,False,False
mende1.wav,False,False,False
mende2.wav,False,False,False
mende3.wav,False,False,False
miskito1.wav,False,False,False
miskito10.wav,False,False,False
miskito11.wav,False,False,False
miskito2.wav,False,False,False
miskito3.wav,False,False,False
miskito4.wav,False,False,False
miskito5.wav,False,False,False
miskito6.wav,False,False,False
miskito7.wav,False,False,False
miskito8.wav,False,False,False
miskito9.wav,False,False,False
mizo1.wav,False,False,False
moba1.wav,False,False,False
mongolian1.wav,False,False,False
mongolian2.wav,False,False,False
mongolian3.wav,False,False,False
mongolian4.wav,False,False,False
mongolian5.wav,False,False,False
mongolian6.wav,False,False,False
mongolian7.wav,False,False,False
mongolian8.wav,False,False,False
mongolian9.wav,False,False,False
moore1.wav,False,False,False
mortlockese1.wav,False,False,False
nama1.wav,False,False,False
nandi1.wav,False,False,False
naxi1.wav,False,False,False
nepali1.wav,False,False,False
nepali10.wav,False,False,False
nepali11.wav,False,False,False
nepali12.wav,False,False,False
nepali13.wav,False,False,False
nepali2.wav,False,False,False
nepali3.wav,False,False,False
nepali4.wav,False,False,False
nepali5.wav,False,False,False
nepali6.wav,False,False,False
nepali7.wav,False,False,False
nepali8.wav,False,False,False
nepali9.wav,False,False,False
newari1.wav,False,False,False
ngemba1.wav,False,False,False
ngemba2.wav,False,False,False
norwegian1.wav,False,False,False
norwegian2.wav,False,False,False
norwegian3.wav,False,False,False
norwegian4.wav,False,False,False
norwegian5.wav,False,False,False
norwegian6.wav,False,False,False
nuer1.wav,False,False,False
oriya1.wav,False,False,False
oriya2.wav,False,False,False
oromo1.wav,False,False,False
oromo2.wav,False,False,False
oromo3.wav,False,False,False
papiamentu1.wav,False,False,True
papiamentu2.wav,False,False,True
pashto1.wav,False,False,False
pashto10.wav,False,False,False
pashto2.wav,False,False,False
pashto3.wav,False,False,False
pashto4.wav,False,False,True
pashto5.wav,False,False,False
pashto6.wav,False,False,False
pashto7.wav,False,False,False
pashto8.wav,False,False,False
pashto9.wav,False,False,False
pohnpeian1.wav,False,False,True
polish1.wav,False,False,False
polish10.wav,False,False,False
polish11.wav,False,False,False
polish12.wav,False,False,False
polish13.wav,False,False,False
polish14.wav,False,False,False
polish15.wav,False,False,False
polish16.wav,False,False,True
polish17.wav,False,False,False
polish18.wav,False,False,False
polish19.wav,False,False,False
polish2.wav,False,False,False
polish20.wav,False,False,True
polish21.wav,False,False,False
polish22.wav,False,False,False
polish23.wav,False,False,False
polish24.wav,False,False,False
polish25.wav,False,False,False
polish26.wav,False,False,False
polish27.wav,False,False,True
polish28.wav,False,False,False
polish29.wav,False,False,False
polish3.wav,False,False,False
polish30.wav,False,False,False
polish31.wav,False,False,False
polish32.wav,False,False,False
polish33.wav,False,False,False
polish34.wav,False,False,True
polish4.wav,False,False,False
polish5.wav,False,False,False
polish6.wav,False,False,True
polish7.wav,False,False,False
polish8.wav,False,False,False
polish9.wav,False,False,False
portuguese1.wav,False,False,False
portuguese10.wav,False,False,False
portuguese11.wav,False,False,False
portuguese12.wav,False,False,False
portuguese13.wav,False,False,False
portuguese14.wav,False,False,-1
portuguese15.wav,False,False,True
portuguese16.wav,False,False,False
portuguese17.wav,False,False,False
portuguese18.wav,False,False,True
portuguese19.wav,False,False,False
portuguese2.wav,False,False,False
portuguese20.wav,False,False,True
portuguese21.wav,False,False,True
portuguese22.wav,False,False,False
portuguese23.wav,False,False,False
portuguese24.wav,False,False,False
portuguese25.wav,False,False,False
portuguese26.wav,False,False,False
portuguese27.wav,False,False,False
portuguese28.wav,False,False,False
portuguese29.wav,False,False,True
portuguese3.wav,False,False,False
portuguese30.wav,False,False,False
portuguese31.wav,False,False,False
portuguese32.wav,False,False,False
portuguese33.wav,False,False,False
portuguese34.wav,False,False,False
portuguese35.wav,False,False,True
portuguese36.wav,False,False,False
portuguese37.wav,False,False,False
portuguese38.wav,False,False,False
portuguese39.wav,False,False,False
portuguese4.wav,False,False,False
portuguese40.wav,False,False,False
portuguese41.wav,False,False,True
portuguese42.wav,False,False,False
portuguese43.wav,False,False,False
portuguese44.wav,False,False,False
portuguese45.wav,False,False,True
portuguese46.wav,False,False,False
portuguese47.wav,False,False,False
portuguese48.wav,False,False,False
portuguese5.wav,False,False,False
portuguese6.wav,False,False,False
portuguese7.wav,False,False,False
portuguese8.wav,False,False,False
portuguese9.wav,False,False,True
pulaar1.wav,False,False,False
pulaar2.wav,False,False,False
pulaar3.wav,False,False,False
punjabi1.wav,False,False,False
punjabi10.wav,False,False,False
punjabi2.wav,False,False,False
punjabi3.wav,False,False,-1
punjabi4.wav,False,False,False
punjabi5.wav,False,False,False
punjabi6.wav,False,False,False
punjabi7.wav,False,False,False
punjabi8.wav,False,False,False
punjabi9.wav,False,False,False
quechua1.wav,False,False,False
quechua2.wav,False,False,-1
romanian1.wav,False,False,False
romanian10.wav,False,False,False
romanian11.wav,False,False,False
romanian12.wav,False,False,False
romanian13.wav,False,False,False
romanian14.wav,False,False,False
romanian15.wav,False,False,True
romanian16.wav,False,False,False
romanian17.wav,False,False,False
romanian18.wav,False,False,-1
romanian19.wav,False,False,False
romanian2.wav,False,False,False
romanian20.wav,False,False,False
romanian3.wav,False,False,False
romanian4.wav,False,False,False
romanian5.wav,False,False,False
romanian6.wav,False,False,False
romanian7.wav,False,False,True
romanian8.wav,False,False,False
romanian9.wav,False,False,True
rotuman1.wav,False,False,False
rotuman2.wav,False,False,False
rundi1.wav,False,False,False
russian1.wav,False,False,False
russian10.wav,False,False,False
russian11.wav,False,False,False
russian12.wav,False,False,False
russian13.wav,False,False,False
russian14.wav,False,False,False
russian15.wav,False,False,False
russian16.wav,False,False,False
russian17.wav,False,False,False
russian18.wav,False,False,False
russian19.wav,False,False,True
russian2.wav,False,False,False
russian20.wav,False,False,False
russian21.wav,False,False,False
russian22.wav,False,False,False
russian23.wav,False,False,False
russian24.wav,False,False,False
russian25.wav,False,False,False
russian26.wav,False,False,False
russian27.wav,False,False,False
russian28.wav,False,False,True
russian29.wav,False,False,True
russian3.wav,False,False,False
russian30.wav,False,False,False
russian31.wav,False,False,-1
russian32.wav,False,False,True
russian33.wav,False,False,False
russian34.wav,False,False,False
russian35.wav,False,False,False
russian36.wav,False,False,False
russian37.wav,False,False,False
russian38.wav,False,False,False
russian39.wav,False,False,False
russian4.wav,False,False,False
russian40.wav,False,False,True
russian41.wav,False,False,False
russian42.wav,False,False,False
russian43.wav,False,False,False
russian44.wav,False,False,True
russian45.wav,False,False,False
russian46.wav,False,False,False
russian47.wav,False,False,False
russian48.wav,False,False,False
russian5.wav,False,False,False
russian6.wav,False,False,False
russian7.wav,False,False,False
russian8.wav,False,False,False
russian9.wav,False,False,False
rwanda1.wav,False,False,False
sa'a1.wav,False,False,False
sardinian1.wav,False,False,False
sarua1.wav,False,False,False
satawalese1.wav,False,False,False
satawalese2.wav,False,False,False
serbian1.wav,False,False,False
serbian10.wav,False,False,False
serbian11.wav,False,False,False
serbian12.wav,False,False,False
serbian13.wav,False,False,True
serbian14.wav,False,False,False
serbian15.wav,False,False,False
serbian16.wav,False,False,False
serbian17.wav,False,False,False
serbian18.wav,False,False,True
serbian2.wav,False,False,False
serbian3.wav,False,False,False
serbian4.wav,False,False,False
serbian5.wav,False,False,False
serbian6.wav,False,False,False
serbian7.wav,False,False,False
serbian8.wav,False,False,False
serbian9.wav,False,False,False
serer1.wav,False,False,False
sesotho1.wav,False,False,False
shan1.wav,False,False,False
shilluk1.wav,False,False,False
shona1.wav,False,False,False
shona2.wav,False,False,False
sicilian1.wav,False,False,False
sindhi1.wav,False,False,False
sinhala6.wav,False,False,False
slovak1.wav,False,False,False
slovak2.wav,False,False,False
slovak3.wav,False,False,False
slovak4.wav,False,False,True
slovak5.wav,False,False,False
slovenian1.wav,False,False,True
slovenian2.wav,False,False,False
somali1.wav,False,False,False
somali2.wav,False,False,False
somali3.wav,False,False,False
somali4.wav,False,False,False
somali5.wav,False,False,False
somali6.wav,False,False,False
spanish1.wav,False,False,False
spanish10.wav,False,False,False
spanish100.wav,False,False,False
spanish101.wav,False,False,False
spanish102.wav,False,False,False
spanish103.wav,False,False,False
spanish104.wav,False,False,False
spanish105.wav,False,False,False
spanish106.wav,False,False,True
spanish107.wav,False,False,False
spanish108.wav,False,False,False
spanish109.wav,False,False,False
spanish11.wav,False,False,False
spanish110.wav,False,False,False
spanish111.wav,False,False,False
spanish112.wav,False,False,False
spanish113.wav,False,False,False
spanish114.wav,False,False,False
spanish115.wav,False,False,False
spanish116.wav,False,False,True
spanish117.wav,False,False,True
spanish118.wav,False,False,False
spanish119.wav,False,False,False
spanish12.wav,False,False,False
spanish120.wav,False,False,False
spanish121.wav,False,False,False
spanish122.wav,False,False,-1
spanish123.wav,False,False,False
spanish124.wav,False,False,False
spanish125.wav,False,False,False
spanish126.wav,False,False,False
spanish127.wav,False,False,False
spanish128.wav,False,False,False
spanish129.wav,False,False,False
spanish13.wav,False,False,True
spanish130.wav,False,False,False
spanish131.wav,False,False,False
spanish132.wav,False,False,False
spanish133.wav,False,False,False
spanish134.wav,False,False,False
spanish135.wav,False,False,True
spanish136.wav,False,False,True
spanish137.wav,False,False,False
spanish138.wav,False,False,False
spanish139.wav,False,False,False
spanish14.wav,False,False,False
spanish140.wav,False,False,False
spanish141.wav,False,False,True
spanish142.wav,False,False,False
spanish143.wav,False,False,False
spanish144.wav,False,False,False
spanish145.wav,False,False,False
spanish146.wav,False,False,False
spanish147.wav,False,False,False
spanish148.wav,False,False,False
spanish149.wav,False,False,False
spanish15.wav,False,False,False
spanish150.wav,False,False,False
spanish151.wav,False,False,False
spanish152.wav,False,False,False
spanish153.wav,False,False,False
spanish154.wav,False,False,False
spanish155.wav,False,False,False
spanish156.wav,False,False,False
spanish157.wav,False,False,False
spanish158.wav,False,False,False
spanish159.wav,False,False,False
spanish16.wav,False,False,False
spanish160.wav,False,False,False
spanish161.wav,False,False,False
spanish162.wav,False,False,False
spanish17.wav,False,False,False
spanish18.wav,False,False,False
spanish19.wav,False,False,False
spanish2.wav,False,False,False
spanish20.wav,False,False,False
spanish21.wav,False,False,False
spanish22.wav,False,False,False
spanish23.wav,False,False,False
spanish24.wav,False,False,True
spanish25.wav,False,False,False
spanish26.wav,False,False,False
spanish27.wav,False,False,False
spanish28.wav,False,False,False
spanish29.wav,False,False,False
spanish3.wav,False,False,False
spanish30.wav,False,False,True
spanish31.wav,False,False,False
spanish32.wav,False,False,False
spanish33.wav,False,False,False
spanish34.wav,False,False,True
spanish35.wav,False,False,False
spanish36.wav,False,False,False
spanish37.wav,False,False,False
spanish38.wav,False,False,False
spanish39.wav,False,False,False
spanish4.wav,False,False,False
spanish40.wav,False,False,-1
spanish41.wav,False,False,True
spanish42.wav,False,False,False
spanish43.wav,False,False,False
spanish44.wav,False,False,False
spanish45.wav,False,False,False
spanish46.wav,False,False,True
spanish47.wav,False,False,False
spanish48.wav,False,False,False
spanish49.wav,False,False,False
spanish5.wav,False,False,False
spanish50.wav,False,False,False
spanish51.wav,False,False,False
spanish52.wav,False,False,False
spanish53.wav,False,False,False
spanish54.wav,False,False,False
spanish55.wav,False,False,False
spanish56.wav,False,False,False
spanish57.wav,False,False,False
spanish58.wav,False,False,True
spanish59.wav,False,False,False
spanish6.wav,False,False,False
spanish60.wav,False,False,True
spanish61.wav,False,False,False
spanish62.wav,False,False,False
spanish63.wav,False,False,False
spanish64.wav,False,False,False
spanish65.wav,False,False,True
spanish66.wav,False,False,False
spanish67.wav,False,False,False
spanish68.wav,False,False,False
spanish69.wav,False,False,False
spanish7.wav,False,False,False
spanish70.wav,False,False,False
spanish71.wav,False,False,False
spanish72.wav,False,False,False
spanish73.wav,False,False,False
spanish74.wav,False,False,False
spanish75.wav,False,False,False
spanish76.wav,False,False,False
spanish77.wav,False,False,True
spanish78.wav,False,False,False
spanish79.wav,False,False,False
spanish8.wav,False,False,False
spanish80.wav,False,False,False
spanish81.wav,False,False,False
spanish82.wav,False,False,False
spanish83.wav,False,False,False
spanish84.wav,False,False,False
spanish85.wav,False,False,False
spanish86.wav,False,False,False
spanish87.wav,False,False,False
spanish88.wav,False,False,False
spanish89.wav,False,False,False
spanish9.wav,False,False,False
spanish90.wav,False,False,False
spanish91.wav,False,False,False
spanish92.wav,False,False,False
spanish93.wav,False,False,True
spanish94.wav,False,False,False
spanish95.wav,False,False,False
spanish96.wav,False,False,False
spanish97.wav,False,False,False
spanish98.wav,False,False,False
spanish99.wav,False,False,False
sundanese1.wav,False,False,False
susu1.wav,False,False,False
swedish1.wav,False,False,False
swedish10.wav,False,False,False
swedish11.wav,False,False,True
swedish12.wav,False,False,False
swedish13.wav,False,False,False
swedish14.wav,False,False,False
swedish15.wav,False,False,False
swedish16.wav,False,False,False
swedish17.wav,False,False,False
swedish18.wav,False,False,True
swedish19.wav,False,False,True
swedish2.wav,False,False,False
swedish20.wav,False,False,False
swedish3.wav,False,False,False
swedish4.wav,False,False,False
swedish5.wav,False,False,False
swedish6.wav,False,False,False
swedish7.wav,False,False,False
swedish8.wav,False,False,False
swedish9.wav,False,False,False
sylheti1.wav,False,False,False
synthesized1.wav,False,False,False
synthesized2.wav,False,False,False
synthesized3.wav,False,False,False
synthesized4.wav,False,False,True
tagalog1.wav,False,False,False
tagalog10.wav,False,False,False
tagalog11.wav,False,False,False
tagalog12.wav,False,False,False
tagalog13.wav,False,False,False
tagalog14.wav,False,False,False
tagalog15.wav,False,False,False
tagalog16.wav,False,False,False
tagalog17.wav,False,False,False
tagalog18.wav,False,False,False
tagalog2.wav,False,False,False
tagalog3.wav,False,False,False
tagalog4.wav,False,False,False
tagalog5.wav,False,False,True
tagalog6.wav,False,False,True
tagalog7.wav,False,False,False
tagalog8.wav,False,False,False
tagalog9.wav,False,False,False
taishan1.wav,False,False,False
taiwanese1.wav,False,False,False
taiwanese2.wav,False,False,False
taiwanese3.wav,False,False,False
taiwanese4.wav,False,False,False
taiwanese5.wav,False,False,False
taiwanese6.wav,False,False,False
taiwanese7.wav,False,False,False
taiwanese8.wav,False,False,False
tajiki1.wav,False,False,False
tajiki2.wav,False,False,False
tajiki3.wav,False,False,False
tamil1.wav,False,False,False
tamil2.wav,False,False,False
tamil3.wav,False,False,False
tamil4.wav,False,False,False
tamil5.wav,False,False,False
tamil6.wav,False,False,False
tatar1.wav,False,False,False
telugu1.wav,False,False,False
telugu2.wav,False,False,False
temne1.wav,False,False,False
teochew1.wav,False,False,False
thai1.wav,False,False,False
thai10.wav,False,False,False
thai11.wav,False,False,False
thai12.wav,False,False,False
thai13.wav,False,False,False
thai14.wav,False,False,False
thai15.wav,False,False,False
thai2.wav,False,False,False
thai3.wav,False,False,False
thai4.wav,False,False,False
thai5.wav,False,False,False
thai6.wav,False,False,False
thai7.wav,False,False,False
thai8.wav,False,False,False
thai9.wav,False,False,False
tibetan1.wav,False,False,False
tibetan2.wav,False,False,False
tibetan3.wav,False,False,False
tigrigna1.wav,False,False,False
tigrigna2.wav,False,False,False
tigrigna3.wav,False,False,False
tigrigna4.wav,False,False,False
tigrigna5.wav,False,False,False
tigrigna6.wav,False,False,False
tigrigna7.wav,False,False,False
tigrigna8.wav,False,False,False
tswana1.wav,False,False,False
tswana2.wav,False,False,False
turkish1.wav,False,False,False
turkish10.wav,False,False,True
turkish11.wav,False,False,False
turkish12.wav,False,False,False
turkish13.wav,False,False,True
turkish14.wav,False,False,False
turkish15.wav,False,False,False
turkish16.wav,False,False,False
turkish17.wav,False,False,False
turkish18.wav,False,False,False
turkish19.wav,False,False,False
turkish2.wav,False,False,False
turkish20.wav,False,False,False
turkish21.wav,False,False,False
turkish22.wav,False,False,False
turkish23.wav,False,False,False
turkish24.wav,False,False,False
turkish25.wav,False,False,False
turkish26.wav,False,False,False
turkish27.wav,False,False,False
turkish28.wav,False,False,False
turkish29.wav,False,False,False
turkish3.wav,False,False,False
turkish30.wav,False,False,False
turkish31.wav,False,False,False
turkish32.wav,False,False,False
turkish33.wav,False,False,False
turkish34.wav,False,False,False
turkish35.wav,False,False,False
turkish36.wav,False,False,False
turkish37.wav,False,False,False
turkish4.wav,False,False,False
turkish5.wav,False,False,False
turkish6.wav,False,False,True
turkish7.wav,False,False,False
turkish8.wav,False,False,False
turkish9.wav,False,False,False
turkmen1.wav,False,False,False
twi1.wav,False,False,False
twi2.wav,False,False,False
twi4.wav,False,False,False
twi5.wav,False,False,False
twi6.wav,False,False,False
ukrainian1.wav,False,False,False
ukrainian10.wav,False,False,False
ukrainian11.wav,False,False,False
ukrainian2.wav,False,False,False
ukrainian3.wav,False,False,False
ukrainian4.wav,False,False,False
ukrainian5.wav,False,False,False
ukrainian6.wav,False,False,False
ukrainian7.wav,False,False,False
ukrainian8.wav,False,False,False
ukrainian9.wav,False,False,False
urdu1.wav,False,False,False
urdu10.wav,False,False,False
urdu11.wav,False,False,True
urdu12.wav,False,False,False
urdu13.wav,False,False,False
urdu14.wav,False,False,False
urdu15.wav,False,False,False
urdu16.wav,False,False,False
urdu2.wav,False,False,False
urdu3.wav,False,False,False
urdu4.wav,False,False,False
urdu5.wav,False,False,False
urdu6.wav,False,False,True
urdu7.wav,False,False,False
urdu8.wav,False,False,True
urdu9.wav,False,False,True
uyghur1.wav,False,False,False
uyghur2.wav,False,False,False
uyghur3.wav,False,False,False
uzbek1.wav,False,False,False
uzbek2.wav,False,False,False
uzbek3.wav,False,False,False
uzbek4.wav,False,False,False
vietnamese1.wav,False,False,False
vietnamese10.wav,False,False,False
vietnamese11.wav,False,False,False
vietnamese12.wav,False,False,False
vietnamese13.wav,False,False,False
vietnamese14.wav,False,False,False
vietnamese15.wav,False,False,False
vietnamese16.wav,False,False,False
vietnamese17.wav,False,False,False
vietnamese18.wav,False,False,False
vietnamese19.wav,False,False,False
vietnamese2.wav,False,False,False
vietnamese20.wav,False,False,False
vietnamese21.wav,False,False,False
vietnamese22.wav,False,False,False
vietnamese3.wav,False,False,False
vietnamese4.wav,False,False,False
vietnamese5.wav,False,False,False
vietnamese6.wav,False,False,False
vietnamese7.wav,False,False,False
vietnamese8.wav,False,False,False
vietnamese9.wav,False,False,False
vlaams1.wav,False,False,False
vlaams2.wav,False,False,False
vlaams3.wav,False,False,True
vlaams4.wav,False,False,False
wolof1.wav,False,False,False
wolof2.wav,False,False,False
wolof3.wav,False,False,False
wolof4.wav,False,False,False
wolof5.wav,False,False,False
wolof6.wav,False,False,False
wu1.wav,False,False,False
xasonga1.wav,False,False,False
xiang1.wav,False,False,False
xiang2.wav,False,False,False
xiang3.wav,False,False,False
xiang4.wav,False,False,False
yakut1.wav,False,False,False
yapese1.wav,False,False,False
yiddish1.wav,False,False,False
yiddish2.wav,False,False,True
yiddish3.wav,False,False,False
yiddish4.wav,False,False,False
yiddish5.wav,False,False,False
yoruba1.wav,False,False,False
yoruba2.wav,False,False,False
yoruba3.wav,False,False,False
yoruba4.wav,False,False,False
yoruba5.wav,False,False,False
yupik1.wav,False,False,False
zulu1.wav,False,False,False
