Filename,IBMAPI,AmazonAPI
afrikaans1.mp3,False,False
afrikaans2.mp3,False,False
afrikaans3.mp3,False,True
afrikaans4.mp3,False,False
afrikaans5.mp3,False,False
agni1.mp3,False,False
akan1.mp3,False,False
albanian1.mp3,False,False
albanian2.mp3,False,False
albanian3.mp3,False,False
albanian4.mp3,False,False
albanian5.mp3,False,False
albanian6.mp3,False,False
albanian7.mp3,False,False
albanian8.mp3,False,False
albanian9.mp3,False,False
amazigh1.mp3,False,False
amazigh2.mp3,False,False
amharic1.mp3,False,False
amharic10.mp3,False,False
amharic11.mp3,False,False
amharic12.mp3,False,False
amharic13.mp3,False,False
amharic14.mp3,False,False
amharic15.mp3,False,False
amharic16.mp3,False,False
amharic17.mp3,False,False
amharic18.mp3,False,False
amharic19.mp3,False,False
amharic2.mp3,False,False
amharic20.mp3,False,False
amharic3.mp3,False,False
amharic4.mp3,False,False
amharic5.mp3,False,False
amharic6.mp3,False,False
amharic7.mp3,False,False
amharic8.mp3,False,False
amharic9.mp3,False,False
arabic1.mp3,False,False
arabic10.mp3,False,False
arabic100.mp3,False,False
arabic101.mp3,False,False
arabic102.mp3,False,False
arabic11.mp3,False,False
arabic12.mp3,False,False
arabic13.mp3,False,False
arabic14.mp3,False,False
arabic15.mp3,False,False
arabic16.mp3,False,False
arabic17.mp3,False,False
arabic18.mp3,False,False
arabic19.mp3,False,False
arabic2.mp3,False,True
arabic20.mp3,False,False
arabic21.mp3,False,False
arabic22.mp3,False,False
arabic23.mp3,False,False
arabic24.mp3,False,False
arabic25.mp3,False,False
arabic26.mp3,False,False
arabic27.mp3,False,False
arabic28.mp3,False,False
arabic29.mp3,False,False
arabic3.mp3,False,False
arabic30.mp3,False,False
arabic31.mp3,False,False
arabic32.mp3,False,False
arabic33.mp3,False,False
arabic34.mp3,False,False
arabic35.mp3,False,False
arabic36.mp3,False,False
arabic37.mp3,False,False
arabic38.mp3,False,False
arabic39.mp3,False,False
arabic4.mp3,False,False
arabic40.mp3,False,False
arabic41.mp3,False,False
arabic42.mp3,False,False
arabic43.mp3,False,False
arabic44.mp3,False,False
arabic45.mp3,False,False
arabic46.mp3,False,False
arabic47.mp3,False,False
arabic48.mp3,False,False
arabic49.mp3,False,False
arabic5.mp3,False,False
arabic50.mp3,False,False
arabic51.mp3,False,False
arabic52.mp3,False,False
arabic53.mp3,False,False
arabic54.mp3,False,False
arabic55.mp3,False,False
arabic56.mp3,False,False
arabic57.mp3,False,False
arabic58.mp3,False,False
arabic59.mp3,False,False
arabic6.mp3,False,False
arabic60.mp3,False,False
arabic61.mp3,False,True
arabic62.mp3,False,False
arabic63.mp3,False,False
arabic64.mp3,False,False
arabic65.mp3,False,False
arabic66.mp3,False,False
arabic67.mp3,False,False
arabic68.mp3,False,False
arabic69.mp3,False,False
arabic7.mp3,False,False
arabic70.mp3,False,False
arabic71.mp3,False,False
arabic72.mp3,False,False
arabic73.mp3,False,False
arabic74.mp3,False,False
arabic75.mp3,False,False
arabic76.mp3,False,False
arabic77.mp3,False,False
arabic78.mp3,False,False
arabic79.mp3,False,False
arabic8.mp3,False,False
arabic80.mp3,False,False
arabic81.mp3,False,False
arabic82.mp3,False,False
arabic83.mp3,False,False
arabic84.mp3,False,False
arabic85.mp3,False,False
arabic86.mp3,False,False
arabic87.mp3,False,False
arabic88.mp3,False,False
arabic89.mp3,False,False
arabic9.mp3,False,True
arabic90.mp3,False,False
arabic91.mp3,False,False
arabic92.mp3,False,False
arabic93.mp3,False,False
arabic94.mp3,False,False
arabic95.mp3,False,False
arabic96.mp3,False,False
arabic97.mp3,False,False
arabic98.mp3,False,False
arabic99.mp3,False,False
armenian1.mp3,False,False
armenian2.mp3,False,False
armenian3.mp3,False,False
armenian4.mp3,False,False
armenian5.mp3,False,False
armenian6.mp3,False,False
armenian7.mp3,False,False
armenian8.mp3,False,False
ashanti1.mp3,False,False
azerbaijani1.mp3,False,False
azerbaijani2.mp3,False,False
azerbaijani3.mp3,False,False
bafang1.mp3,False,False
bafang2.mp3,False,False
baga1.mp3,False,False
bai1.mp3,False,False
bambara1.mp3,False,False
bambara2.mp3,False,False
bambara3.mp3,False,False
bambara4.mp3,False,False
bambara5.mp3,False,False
bamun1.mp3,False,False
bari1.mp3,False,False
bari2.mp3,False,False
basque1.mp3,False,False
basque2.mp3,False,False
bavarian1.mp3,False,False
bavarian2.mp3,False,False
belarusan1.mp3,False,False
belarusan2.mp3,False,False
belarusan3.mp3,False,False
bengali1.mp3,False,False
bengali10.mp3,False,False
bengali11.mp3,False,False
bengali12.mp3,False,False
bengali13.mp3,False,False
bengali14.mp3,False,False
bengali15.mp3,False,False
bengali16.mp3,False,False
bengali17.mp3,False,False
bengali2.mp3,False,False
bengali3.mp3,False,False
bengali4.mp3,False,False
bengali5.mp3,False,False
bengali6.mp3,False,False
bengali7.mp3,False,False
bengali8.mp3,False,False
bengali9.mp3,False,False
bosnian1.mp3,False,False
bosnian2.mp3,False,False
bosnian3.mp3,False,False
bosnian4.mp3,False,False
bosnian5.mp3,False,False
bosnian6.mp3,False,False
bosnian7.mp3,False,False
bosnian8.mp3,False,False
bosnian9.mp3,False,False
bulgarian1.mp3,False,False
bulgarian10.mp3,False,False
bulgarian11.mp3,False,False
bulgarian12.mp3,False,False
bulgarian13.mp3,False,False
bulgarian14.mp3,False,False
bulgarian15.mp3,False,False
bulgarian16.mp3,False,False
bulgarian17.mp3,False,False
bulgarian18.mp3,False,False
bulgarian2.mp3,False,False
bulgarian3.mp3,False,False
bulgarian4.mp3,False,False
bulgarian5.mp3,False,False
bulgarian6.mp3,False,False
bulgarian7.mp3,False,False
bulgarian8.mp3,False,False
bulgarian9.mp3,False,False
burmese1.mp3,False,False
burmese2.mp3,False,False
cantonese1.mp3,False,False
cantonese10.mp3,False,False
cantonese11.mp3,False,False
cantonese12.mp3,False,False
cantonese13.mp3,False,False
cantonese14.mp3,False,False
cantonese15.mp3,False,False
cantonese16.mp3,False,False
cantonese17.mp3,False,False
cantonese18.mp3,False,False
cantonese19.mp3,False,False
cantonese2.mp3,False,False
cantonese20.mp3,False,False
cantonese21.mp3,False,False
cantonese22.mp3,False,False
cantonese23.mp3,False,False
cantonese3.mp3,False,False
cantonese4.mp3,False,False
cantonese5.mp3,False,False
cantonese6.mp3,False,False
cantonese7.mp3,False,False
cantonese8.mp3,False,False
cantonese9.mp3,False,False
carolinian1.mp3,False,False
catalan1.mp3,False,False
catalan2.mp3,False,False
catalan3.mp3,False,False
catalan4.mp3,False,False
cebuano1.mp3,False,False
chaldean1.mp3,False,False
chaldean2.mp3,False,False
chamorro1.mp3,False,False
chichewa1.mp3,False,False
chittagonian1.mp3,False,False
croatian1.mp3,False,False
croatian2.mp3,False,False
croatian3.mp3,False,False
croatian4.mp3,False,False
croatian5.mp3,False,False
croatian6.mp3,False,False
croatian7.mp3,False,False
croatian8.mp3,False,False
czech1.mp3,False,False
czech2.mp3,False,False
czech3.mp3,False,False
czech4.mp3,False,False
czech5.mp3,False,False
czech6.mp3,False,False
czech7.mp3,False,False
czech8.mp3,False,False
czech9.mp3,False,False
danish1.mp3,False,False
danish2.mp3,False,False
danish3.mp3,False,False
danish4.mp3,False,False
danish5.mp3,False,False
danish6.mp3,False,False
danish7.mp3,False,False
danish8.mp3,False,False
dari1.mp3,False,False
dari2.mp3,False,False
dari3.mp3,False,False
dari4.mp3,False,False
dari5.mp3,False,False
dinka1.mp3,False,False
dutch1.mp3,False,False
dutch10.mp3,False,False
dutch11.mp3,False,False
dutch12.mp3,False,False
dutch13.mp3,False,False
dutch14.mp3,False,False
dutch15.mp3,False,False
dutch16.mp3,False,False
dutch17.mp3,False,False
dutch18.mp3,False,False
dutch19.mp3,False,False
dutch2.mp3,False,False
dutch20.mp3,False,False
dutch21.mp3,False,False
dutch22.mp3,False,False
dutch23.mp3,False,False
dutch24.mp3,False,False
dutch25.mp3,False,False
dutch26.mp3,False,False
dutch27.mp3,False,False
dutch28.mp3,False,False
dutch29.mp3,False,False
dutch3.mp3,False,False
dutch30.mp3,False,True
dutch31.mp3,False,False
dutch32.mp3,False,False
dutch33.mp3,False,False
dutch34.mp3,False,False
dutch35.mp3,False,False
dutch36.mp3,False,False
dutch37.mp3,False,False
dutch38.mp3,False,False
dutch39.mp3,False,False
dutch4.mp3,False,False
dutch40.mp3,False,False
dutch41.mp3,False,False
dutch42.mp3,False,False
dutch43.mp3,False,False
dutch44.mp3,False,False
dutch45.mp3,False,False
dutch46.mp3,False,False
dutch47.mp3,False,False
dutch5.mp3,False,False
dutch6.mp3,False,False
dutch7.mp3,False,False
dutch8.mp3,False,False
dutch9.mp3,False,False
ebira1.mp3,False,False
edo1.mp3,False,False
english1.mp3,False,False
english10.mp3,False,False
english100.mp3,False,False
english101.mp3,False,False
english102.mp3,False,False
english103.mp3,False,False
english104.mp3,False,False
english105.mp3,False,False
english106.mp3,False,False
english107.mp3,False,False
english108.mp3,False,False
english109.mp3,False,False
english11.mp3,False,True
english110.mp3,False,False
english111.mp3,False,False
english112.mp3,False,False
english113.mp3,False,False
english114.mp3,False,False
english115.mp3,False,False
english116.mp3,False,False
english117.mp3,False,False
english118.mp3,False,False
english119.mp3,False,False
english12.mp3,False,False
english120.mp3,False,False
english121.mp3,False,True
english122.mp3,False,False
english123.mp3,False,False
english124.mp3,False,False
english125.mp3,False,False
english126.mp3,False,False
english127.mp3,False,False
english128.mp3,False,True
english129.mp3,False,False
english13.mp3,False,False
english130.mp3,False,False
english131.mp3,False,False
english132.mp3,False,False
english133.mp3,False,False
english134.mp3,False,False
english135.mp3,False,False
english136.mp3,False,False
english137.mp3,False,False
english138.mp3,False,False
english139.mp3,False,False
english14.mp3,False,False
english140.mp3,False,False
english141.mp3,False,False
english142.mp3,False,False
english143.mp3,False,True
english144.mp3,False,False
english145.mp3,False,False
english146.mp3,False,False
english147.mp3,False,True
english148.mp3,False,False
english149.mp3,False,False
english15.mp3,False,False
english150.mp3,False,False
english151.mp3,False,False
english152.mp3,False,False
english153.mp3,False,False
english154.mp3,False,False
english155.mp3,False,False
english156.mp3,False,False
english157.mp3,False,False
english158.mp3,False,False
english159.mp3,False,False
english16.mp3,False,False
english160.mp3,False,False
english161.mp3,False,False
english162.mp3,False,False
english163.mp3,False,False
english164.mp3,False,False
english165.mp3,False,False
english166.mp3,False,False
english167.mp3,False,False
english168.mp3,False,False
english169.mp3,False,False
english17.mp3,False,False
english170.mp3,False,False
english171.mp3,False,False
english172.mp3,False,False
english173.mp3,False,False
english174.mp3,False,False
english175.mp3,False,False
english176.mp3,False,False
english177.mp3,False,False
english178.mp3,False,True
english179.mp3,False,False
english18.mp3,False,False
english180.mp3,False,False
english181.mp3,False,False
english182.mp3,False,False
english183.mp3,False,False
english184.mp3,False,False
english185.mp3,False,False
english186.mp3,False,False
english187.mp3,False,False
english188.mp3,False,False
english189.mp3,False,False
english19.mp3,False,False
english190.mp3,False,False
english191.mp3,False,False
english192.mp3,False,True
english193.mp3,False,False
english194.mp3,False,False
english195.mp3,False,False
english196.mp3,False,False
english197.mp3,False,False
english198.mp3,False,False
english199.mp3,False,False
english2.mp3,False,False
english20.mp3,False,False
english200.mp3,False,False
english201.mp3,False,False
english202.mp3,False,False
english203.mp3,False,False
english204.mp3,False,False
english205.mp3,False,False
english206.mp3,False,False
english207.mp3,False,False
english208.mp3,False,False
english209.mp3,False,False
english21.mp3,False,False
english210.mp3,False,False
english211.mp3,False,False
english212.mp3,False,True
english213.mp3,False,False
english214.mp3,False,False
english215.mp3,False,False
english216.mp3,False,False
english217.mp3,False,False
english218.mp3,False,True
english219.mp3,False,False
english22.mp3,False,False
english220.mp3,False,False
english221.mp3,False,False
english222.mp3,False,False
english223.mp3,False,False
english224.mp3,False,False
english225.mp3,False,False
english226.mp3,False,False
english227.mp3,False,False
english228.mp3,False,False
english229.mp3,False,False
english23.mp3,False,False
english230.mp3,False,False
english231.mp3,False,False
english232.mp3,False,False
english233.mp3,False,False
english234.mp3,False,True
english235.mp3,False,True
english236.mp3,False,False
english237.mp3,False,True
english238.mp3,False,False
english239.mp3,False,True
english24.mp3,False,False
english240.mp3,False,False
english241.mp3,False,False
english242.mp3,False,False
english243.mp3,False,False
english244.mp3,False,False
english245.mp3,False,False
english246.mp3,False,False
english247.mp3,False,True
english248.mp3,False,False
english249.mp3,False,False
english25.mp3,False,False
english250.mp3,False,False
english251.mp3,False,False
english252.mp3,False,False
english253.mp3,False,False
english254.mp3,False,False
english255.mp3,False,False
english256.mp3,False,False
english257.mp3,False,False
english258.mp3,False,True
english259.mp3,False,False
english26.mp3,False,False
english260.mp3,False,False
english261.mp3,False,False
english262.mp3,False,False
english263.mp3,False,False
english264.mp3,False,False
english265.mp3,False,False
english266.mp3,False,False
english267.mp3,False,False
english268.mp3,False,False
english269.mp3,False,False
english27.mp3,False,False
english270.mp3,False,False
english271.mp3,False,False
english272.mp3,False,False
english273.mp3,False,False
english274.mp3,False,False
english275.mp3,False,False
english276.mp3,False,False
english277.mp3,False,False
english278.mp3,False,False
english279.mp3,False,False
english28.mp3,False,False
english280.mp3,False,False
english281.mp3,False,False
english282.mp3,False,False
english283.mp3,False,False
english284.mp3,False,True
english285.mp3,False,False
english286.mp3,False,False
english287.mp3,False,False
english288.mp3,False,True
english289.mp3,False,False
english29.mp3,False,True
english290.mp3,False,False
english291.mp3,False,False
english292.mp3,False,False
english293.mp3,False,False
english294.mp3,False,False
english295.mp3,False,True
english296.mp3,False,False
english297.mp3,False,False
english298.mp3,False,False
english299.mp3,False,True
english3.mp3,False,False
english30.mp3,False,False
english300.mp3,False,False
english301.mp3,False,False
english302.mp3,False,False
english303.mp3,False,False
english304.mp3,False,False
english305.mp3,False,False
english306.mp3,False,False
english307.mp3,False,False
english308.mp3,False,False
english309.mp3,False,False
english31.mp3,False,False
english310.mp3,False,False
english311.mp3,False,False
english312.mp3,False,False
english313.mp3,False,False
english314.mp3,False,False
english315.mp3,False,False
english316.mp3,False,False
english317.mp3,False,True
english318.mp3,False,True
english319.mp3,False,False
english32.mp3,False,False
english320.mp3,False,False
english321.mp3,False,False
english322.mp3,False,False
english323.mp3,False,False
english324.mp3,False,False
english325.mp3,False,False
english326.mp3,False,False
english327.mp3,False,False
english328.mp3,False,False
english329.mp3,False,False
english33.mp3,False,False
english330.mp3,False,False
english331.mp3,False,False
english332.mp3,False,False
english333.mp3,False,False
english334.mp3,False,False
english335.mp3,False,False
english336.mp3,False,False
english337.mp3,False,False
english338.mp3,False,False
english339.mp3,False,False
english34.mp3,False,False
english340.mp3,False,False
english341.mp3,False,False
english342.mp3,False,False
english343.mp3,False,False
english344.mp3,False,False
english345.mp3,False,False
english346.mp3,False,False
english347.mp3,False,True
english348.mp3,False,False
english349.mp3,False,False
english35.mp3,False,False
english350.mp3,False,False
english351.mp3,False,False
english352.mp3,False,False
english353.mp3,False,False
english354.mp3,False,False
english355.mp3,False,False
english356.mp3,False,False
english357.mp3,False,False
english358.mp3,False,False
english359.mp3,False,False
english36.mp3,False,False
english360.mp3,False,False
english361.mp3,False,False
english362.mp3,False,False
english363.mp3,False,False
english364.mp3,False,True
english365.mp3,False,False
english366.mp3,False,False
english367.mp3,False,False
english368.mp3,False,True
english369.mp3,False,False
english37.mp3,False,False
english370.mp3,False,False
english371.mp3,False,False
english372.mp3,False,False
english373.mp3,False,False
english374.mp3,False,False
english375.mp3,False,False
english376.mp3,False,True
english377.mp3,False,False
english378.mp3,False,False
english379.mp3,False,False
english38.mp3,False,True
english380.mp3,False,False
english381.mp3,False,False
english382.mp3,False,False
english383.mp3,False,False
english384.mp3,False,False
english385.mp3,False,False
english386.mp3,False,False
english387.mp3,False,False
english388.mp3,False,False
english389.mp3,False,False
english39.mp3,False,False
english390.mp3,False,False
english391.mp3,False,False
english392.mp3,False,False
english393.mp3,False,False
english394.mp3,False,False
english395.mp3,False,False
english396.mp3,False,False
english397.mp3,False,False
english398.mp3,False,False
english399.mp3,False,False
english4.mp3,False,False
english40.mp3,False,True
english400.mp3,False,True
english401.mp3,False,False
english402.mp3,False,False
english403.mp3,False,False
english404.mp3,False,False
english405.mp3,False,True
english406.mp3,False,False
english407.mp3,False,True
english408.mp3,False,False
english409.mp3,False,False
english41.mp3,False,False
english410.mp3,False,False
english411.mp3,False,False
english412.mp3,False,False
english413.mp3,False,False
english414.mp3,False,False
english415.mp3,False,False
english416.mp3,False,False
english417.mp3,False,False
english418.mp3,False,False
english419.mp3,False,False
english42.mp3,False,False
english420.mp3,False,False
english421.mp3,False,True
english422.mp3,False,False
english423.mp3,False,False
english424.mp3,False,False
english425.mp3,False,False
english426.mp3,False,False
english427.mp3,False,False
english428.mp3,False,False
english429.mp3,False,False
english43.mp3,False,False
english430.mp3,False,False
english431.mp3,False,False
english432.mp3,False,False
english433.mp3,False,False
english434.mp3,False,False
english435.mp3,False,False
english436.mp3,False,False
english437.mp3,False,False
english438.mp3,False,False
english439.mp3,False,False
english44.mp3,False,False
english440.mp3,False,False
english441.mp3,False,False
english442.mp3,False,False
english443.mp3,False,False
english444.mp3,False,False
english445.mp3,False,True
english446.mp3,False,False
english447.mp3,False,False
english448.mp3,False,False
english449.mp3,False,False
english45.mp3,False,False
english450.mp3,False,False
english451.mp3,False,False
english452.mp3,False,False
english453.mp3,False,False
english454.mp3,False,False
english455.mp3,False,False
english456.mp3,False,False
english457.mp3,False,False
english458.mp3,False,False
english459.mp3,False,True
english46.mp3,False,False
english460.mp3,False,False
english461.mp3,False,False
english462.mp3,False,False
english463.mp3,False,False
english464.mp3,False,True
english465.mp3,False,False
english466.mp3,False,True
english467.mp3,False,False
english468.mp3,False,False
english469.mp3,False,False
english47.mp3,False,False
english470.mp3,False,False
english471.mp3,False,True
english472.mp3,False,False
english473.mp3,False,False
english474.mp3,False,False
english475.mp3,False,False
english476.mp3,False,False
english477.mp3,False,True
english478.mp3,False,False
english479.mp3,False,False
english48.mp3,False,False
english480.mp3,False,False
english481.mp3,False,False
english482.mp3,False,False
english483.mp3,False,False
english484.mp3,False,False
english485.mp3,False,True
english486.mp3,False,False
english487.mp3,False,False
english488.mp3,False,False
english489.mp3,False,False
english49.mp3,False,False
english490.mp3,False,False
english491.mp3,False,False
english492.mp3,False,False
english493.mp3,False,False
english494.mp3,False,True
english495.mp3,False,False
english496.mp3,False,False
english497.mp3,False,False
english498.mp3,False,False
english499.mp3,False,False
english5.mp3,False,False
english50.mp3,False,False
english500.mp3,False,False
english501.mp3,False,False
english502.mp3,False,False
english503.mp3,False,False
english504.mp3,False,False
english505.mp3,False,False
english506.mp3,False,True
english507.mp3,False,False
english508.mp3,False,False
english509.mp3,False,False
english51.mp3,False,False
english510.mp3,False,False
english511.mp3,False,False
english512.mp3,False,False
english513.mp3,False,False
english514.mp3,False,False
english515.mp3,False,False
english516.mp3,False,False
english517.mp3,False,False
english518.mp3,False,False
english519.mp3,False,False
english52.mp3,False,False
english520.mp3,False,True
english521.mp3,False,False
english522.mp3,False,False
english523.mp3,False,False
english524.mp3,False,False
english525.mp3,False,False
english526.mp3,False,False
english527.mp3,False,False
english528.mp3,False,False
english529.mp3,False,False
english53.mp3,False,False
english530.mp3,False,False
english531.mp3,False,False
english532.mp3,False,False
english533.mp3,False,False
english534.mp3,False,False
english535.mp3,False,False
english536.mp3,False,False
english537.mp3,False,False
english538.mp3,False,False
english539.mp3,False,False
english54.mp3,False,False
english540.mp3,False,False
english541.mp3,False,False
english542.mp3,False,False
english543.mp3,False,False
english544.mp3,False,False
english545.mp3,False,False
english546.mp3,False,False
english547.mp3,False,False
english548.mp3,False,False
english549.mp3,False,False
english55.mp3,False,False
english550.mp3,False,False
english551.mp3,False,False
english552.mp3,False,False
english553.mp3,False,False
english554.mp3,False,False
english555.mp3,False,False
english556.mp3,False,False
english557.mp3,False,False
english558.mp3,False,False
english559.mp3,False,True
english56.mp3,False,False
english560.mp3,False,False
english561.mp3,False,False
english562.mp3,False,False
english563.mp3,False,True
english564.mp3,False,True
english565.mp3,False,False
english566.mp3,False,False
english567.mp3,False,False
english568.mp3,False,False
english569.mp3,False,False
english57.mp3,False,False
english570.mp3,False,False
english571.mp3,False,True
english572.mp3,False,False
english573.mp3,False,False
english574.mp3,False,False
english575.mp3,False,False
english576.mp3,False,True
english577.mp3,False,False
english578.mp3,False,False
english579.mp3,False,False
english58.mp3,False,False
english59.mp3,False,False
english6.mp3,False,False
english60.mp3,False,False
english61.mp3,False,False
english62.mp3,False,False
english63.mp3,False,False
english64.mp3,False,True
english65.mp3,False,False
english66.mp3,False,False
english67.mp3,False,False
english68.mp3,False,False
english69.mp3,False,False
english7.mp3,False,False
english70.mp3,False,False
english71.mp3,False,True
english72.mp3,False,False
english73.mp3,False,True
english74.mp3,False,False
english75.mp3,False,False
english76.mp3,False,False
english77.mp3,False,False
english78.mp3,False,False
english79.mp3,False,False
english8.mp3,False,False
english80.mp3,False,False
english81.mp3,False,False
english82.mp3,False,True
english83.mp3,False,False
english84.mp3,False,False
english85.mp3,False,False
english86.mp3,False,False
english87.mp3,False,False
english88.mp3,False,False
english89.mp3,False,False
english9.mp3,False,False
english90.mp3,False,False
english91.mp3,False,False
english92.mp3,False,False
english93.mp3,False,False
english94.mp3,False,False
english95.mp3,False,False
english96.mp3,False,False
english97.mp3,False,False
english98.mp3,False,False
english99.mp3,False,False
estonian1.mp3,False,False
estonian2.mp3,False,False
estonian3.mp3,False,False
estonian4.mp3,False,False
ewe1.mp3,False,False
ewe2.mp3,False,False
fang1.mp3,False,False
fanti1.mp3,False,False
fanti2.mp3,False,False
fanti3.mp3,False,False
faroese1.mp3,False,False
farsi1.mp3,False,False
farsi10.mp3,False,False
farsi11.mp3,False,False
farsi12.mp3,False,False
farsi13.mp3,False,False
farsi14.mp3,False,False
farsi15.mp3,False,False
farsi16.mp3,False,False
farsi17.mp3,False,False
farsi18.mp3,False,False
farsi19.mp3,False,False
farsi2.mp3,False,False
farsi20.mp3,False,False
farsi21.mp3,False,False
farsi22.mp3,False,False
farsi23.mp3,False,False
farsi3.mp3,False,False
farsi4.mp3,False,False
farsi5.mp3,False,False
farsi6.mp3,False,False
farsi7.mp3,False,False
farsi8.mp3,False,False
farsi9.mp3,False,False
fataluku1.mp3,False,False
fijian1.mp3,False,False
fijian2.mp3,False,False
fijian3.mp3,False,False
filipino1.mp3,False,False
filipino2.mp3,False,False
finnish1.mp3,False,False
finnish2.mp3,False,False
finnish3.mp3,False,False
finnish4.mp3,False,False
finnish5.mp3,False,False
finnish6.mp3,False,False
finnish7.mp3,False,False
finnish8.mp3,False,False
french1.mp3,False,False
french10.mp3,False,False
french11.mp3,False,False
french12.mp3,False,False
french13.mp3,False,False
french14.mp3,False,False
french15.mp3,False,False
french16.mp3,False,False
french17.mp3,False,False
french18.mp3,False,True
french19.mp3,False,False
french2.mp3,False,False
french20.mp3,False,False
french21.mp3,False,False
french22.mp3,False,False
french23.mp3,False,False
french24.mp3,False,False
french25.mp3,False,False
french26.mp3,False,False
french27.mp3,False,False
french28.mp3,False,False
french29.mp3,False,False
french3.mp3,False,False
french30.mp3,False,False
french31.mp3,False,False
french32.mp3,False,False
french33.mp3,False,False
french34.mp3,False,False
french35.mp3,False,False
french36.mp3,False,False
french37.mp3,False,False
french38.mp3,False,False
french39.mp3,False,False
french4.mp3,False,False
french40.mp3,False,False
french41.mp3,False,False
french42.mp3,False,False
french43.mp3,False,False
french44.mp3,False,False
french45.mp3,False,False
french46.mp3,False,False
french47.mp3,False,False
french48.mp3,False,True
french49.mp3,False,True
french5.mp3,False,False
french50.mp3,False,False
french51.mp3,False,False
french52.mp3,False,False
french53.mp3,False,False
french54.mp3,False,False
french55.mp3,False,False
french56.mp3,False,False
french57.mp3,False,False
french58.mp3,False,False
french59.mp3,False,False
french6.mp3,False,False
french60.mp3,False,False
french61.mp3,False,False
french62.mp3,False,False
french63.mp3,False,False
french7.mp3,False,False
french8.mp3,False,False
french9.mp3,False,False
frisian1.mp3,False,True
ga1.mp3,False,False
ga2.mp3,False,False
ga3.mp3,False,False
ga4.mp3,False,False
ga5.mp3,False,False
ga6.mp3,False,False
gan1.mp3,False,False
ganda1.mp3,False,False
ganda2.mp3,False,False
garifuna1.mp3,False,False
garifuna2.mp3,False,False
gedeo1.mp3,False,False
georgian1.mp3,False,False
georgian2.mp3,False,False
georgian3.mp3,False,False
georgian4.mp3,False,False
georgian5.mp3,False,False
german1.mp3,False,False
german10.mp3,False,False
german11.mp3,False,False
german12.mp3,False,False
german13.mp3,False,False
german14.mp3,False,False
german15.mp3,False,False
german16.mp3,False,False
german17.mp3,False,False
german18.mp3,False,False
german19.mp3,False,False
german2.mp3,False,False
german20.mp3,False,False
german21.mp3,False,False
german22.mp3,False,False
german23.mp3,False,False
german24.mp3,False,False
german25.mp3,False,False
german26.mp3,False,False
german27.mp3,False,True
german28.mp3,False,False
german29.mp3,False,False
german3.mp3,False,False
german30.mp3,False,False
german31.mp3,False,False
german32.mp3,False,False
german33.mp3,False,False
german34.mp3,False,False
german35.mp3,False,False
german36.mp3,False,False
german4.mp3,False,False
german5.mp3,False,True
german6.mp3,False,True
german7.mp3,False,False
german8.mp3,False,False
german9.mp3,False,False
greek1.mp3,False,False
greek10.mp3,False,False
greek11.mp3,False,False
greek12.mp3,False,False
greek13.mp3,False,False
greek14.mp3,False,False
greek15.mp3,False,False
greek2.mp3,False,False
greek3.mp3,False,False
greek4.mp3,False,True
greek5.mp3,False,False
greek6.mp3,False,False
greek7.mp3,False,False
greek8.mp3,False,True
greek9.mp3,False,False
gujarati1.mp3,False,False
gujarati2.mp3,False,False
gujarati3.mp3,False,False
gujarati4.mp3,False,False
gujarati5.mp3,False,False
gujarati6.mp3,False,False
gujarati7.mp3,False,False
gujarati8.mp3,False,False
gujarati9.mp3,False,False
gusii1.mp3,False,False
gusii2.mp3,False,False
hadiyya1.mp3,False,False
hadiyya2.mp3,False,False
hainanese1.mp3,False,False
hakka1.mp3,False,False
hausa1.mp3,False,False
hausa2.mp3,False,False
hausa3.mp3,False,False
hausa4.mp3,False,False
hausa5.mp3,False,False
hausa6.mp3,False,False
hausa7.mp3,False,False
hausa8.mp3,False,False
hausa9.mp3,False,False
hebrew1.mp3,False,False
hebrew2.mp3,False,False
hebrew3.mp3,False,False
hebrew4.mp3,False,False
hebrew5.mp3,False,False
hebrew6.mp3,False,False
hebrew7.mp3,False,True
hebrew8.mp3,False,False
hebrew9.mp3,False,False
hindi1.mp3,False,False
hindi10.mp3,False,False
hindi11.mp3,False,False
hindi12.mp3,False,False
hindi13.mp3,False,False
hindi14.mp3,False,False
hindi15.mp3,False,False
hindi16.mp3,False,False
hindi17.mp3,False,False
hindi18.mp3,False,False
hindi2.mp3,False,False
hindi3.mp3,False,False
hindi4.mp3,False,False
hindi5.mp3,False,False
hindi6.mp3,False,False
hindi7.mp3,False,False
hindi8.mp3,False,False
hindi9.mp3,False,False
hindko1.mp3,False,False
hmong1.mp3,False,False
hmong2.mp3,False,False
hungarian1.mp3,False,False
hungarian2.mp3,False,False
hungarian3.mp3,False,False
hungarian4.mp3,False,False
hungarian5.mp3,False,False
hungarian6.mp3,False,False
hungarian7.mp3,False,False
hungarian8.mp3,False,False
hungarian9.mp3,False,True
ibibio1.mp3,False,False
ibibio2.mp3,False,False
ibibio3.mp3,False,False
icelandic1.mp3,False,False
icelandic2.mp3,False,False
icelandic3.mp3,False,False
ife1.mp3,False,False
igbo1.mp3,False,False
igbo2.mp3,False,False
igbo3.mp3,False,False
ilonggo1.mp3,False,False
indonesian1.mp3,False,False
indonesian2.mp3,False,False
indonesian3.mp3,False,False
indonesian4.mp3,False,False
indonesian5.mp3,False,False
indonesian6.mp3,False,False
indonesian7.mp3,False,False
indonesian8.mp3,False,False
irish1.mp3,False,False
italian1.mp3,False,False
italian10.mp3,False,False
italian11.mp3,False,False
italian12.mp3,False,False
italian13.mp3,False,False
italian14.mp3,False,False
italian15.mp3,False,False
italian16.mp3,False,False
italian17.mp3,False,False
italian18.mp3,False,False
italian19.mp3,False,False
italian2.mp3,False,False
italian20.mp3,False,False
italian21.mp3,False,False
italian22.mp3,False,False
italian23.mp3,False,False
italian24.mp3,False,False
italian25.mp3,False,False
italian26.mp3,False,False
italian27.mp3,False,False
italian28.mp3,False,False
italian29.mp3,False,False
italian3.mp3,False,False
italian30.mp3,False,False
italian31.mp3,False,False
italian32.mp3,False,False
italian33.mp3,False,False
italian4.mp3,False,False
italian5.mp3,False,False
italian6.mp3,False,False
italian7.mp3,False,False
italian8.mp3,False,False
italian9.mp3,False,False
japanese1.mp3,False,False
japanese10.mp3,False,False
japanese11.mp3,False,False
japanese12.mp3,False,False
japanese13.mp3,False,False
japanese14.mp3,False,False
japanese15.mp3,False,False
japanese16.mp3,False,False
japanese17.mp3,False,False
japanese18.mp3,False,False
japanese19.mp3,False,False
japanese2.mp3,False,False
japanese20.mp3,False,False
japanese21.mp3,False,False
japanese22.mp3,False,False
japanese23.mp3,False,False
japanese24.mp3,False,False
japanese25.mp3,False,False
japanese26.mp3,False,False
japanese27.mp3,False,False
japanese3.mp3,False,False
japanese4.mp3,False,False
japanese5.mp3,False,False
japanese6.mp3,False,False
japanese7.mp3,False,False
japanese8.mp3,False,True
japanese9.mp3,False,False
jola1.mp3,False,False
kabyle1.mp3,False,False
kalanga1.mp3,False,False
kambaata1.mp3,False,False
kambaata2.mp3,False,False
kambaata3.mp3,False,False
kannada1.mp3,False,False
kanuri1.mp3,False,False
kazakh1.mp3,False,False
kazakh2.mp3,False,False
kazakh3.mp3,False,False
khmer1.mp3,False,False
khmer2.mp3,False,False
khmer3.mp3,False,False
khmer4.mp3,False,False
khmer5.mp3,False,False
khmer6.mp3,False,False
khmer7.mp3,False,False
kikongo1.mp3,False,False
kikongo2.mp3,False,False
kikuyu1.mp3,False,False
kikuyu2.mp3,False,False
kikuyu3.mp3,False,False
kikuyu4.mp3,False,False
kirghiz1.mp3,False,False
kiswahili1.mp3,False,False
kiswahili2.mp3,False,False
kiswahili3.mp3,False,False
kiswahili4.mp3,False,False
kiswahili5.mp3,False,False
kiswahili6.mp3,False,False
kiswahili7.mp3,False,False
kiswahili8.mp3,False,False
kiswahili9.mp3,False,False
konkani1.mp3,False,False
korean1.mp3,False,False
korean10.mp3,False,False
korean11.mp3,False,False
korean12.mp3,False,False
korean13.mp3,False,False
korean14.mp3,False,False
korean15.mp3,False,False
korean16.mp3,False,False
korean17.mp3,False,False
korean18.mp3,False,False
korean19.mp3,False,False
korean2.mp3,False,False
korean20.mp3,False,False
korean21.mp3,False,False
korean22.mp3,False,False
korean23.mp3,False,False
korean24.mp3,False,False
korean25.mp3,False,False
korean26.mp3,False,False
korean27.mp3,False,False
korean28.mp3,False,False
korean29.mp3,False,False
korean3.mp3,False,False
korean30.mp3,False,False
korean31.mp3,False,False
korean32.mp3,False,False
korean33.mp3,False,False
korean34.mp3,False,False
korean35.mp3,False,False
korean36.mp3,False,False
korean37.mp3,False,False
korean38.mp3,False,False
korean39.mp3,False,False
korean4.mp3,False,False
korean40.mp3,False,False
korean41.mp3,False,False
korean42.mp3,False,False
korean43.mp3,False,False
korean44.mp3,False,False
korean45.mp3,False,False
korean46.mp3,False,False
korean47.mp3,False,False
korean48.mp3,False,False
korean49.mp3,False,False
korean5.mp3,False,False
korean50.mp3,False,False
korean51.mp3,False,False
korean52.mp3,False,False
korean6.mp3,False,False
korean7.mp3,False,False
korean8.mp3,False,False
korean9.mp3,False,False
krio1.mp3,False,False
krio2.mp3,False,False
krio3.mp3,False,False
krio4.mp3,False,False
krio5.mp3,False,False
krio6.mp3,False,False
kru1.mp3,False,False
kurdish1.mp3,False,False
kurdish10.mp3,False,False
kurdish2.mp3,False,False
kurdish3.mp3,False,False
kurdish4.mp3,False,False
kurdish5.mp3,False,False
kurdish6.mp3,False,False
kurdish7.mp3,False,False
kurdish8.mp3,False,False
kurdish9.mp3,False,False
lamaholot1.mp3,False,False
lamotrekese1.mp3,False,False
lao1.mp3,False,False
lao2.mp3,False,False
lao3.mp3,False,False
latvian1.mp3,False,False
latvian2.mp3,False,False
latvian3.mp3,False,False
lingala1.mp3,False,False
lithuanian1.mp3,False,False
lithuanian2.mp3,False,False
lithuanian3.mp3,False,False
lithuanian4.mp3,False,False
lithuanian5.mp3,False,False
lithuanian6.mp3,False,False
luo1.mp3,False,False
luo2.mp3,False,False
luxembourgeois1.mp3,False,False
macedonian1.mp3,False,False
macedonian10.mp3,False,False
macedonian11.mp3,False,False
macedonian12.mp3,False,False
macedonian13.mp3,False,False
macedonian14.mp3,False,False
macedonian15.mp3,False,False
macedonian16.mp3,False,False
macedonian17.mp3,False,False
macedonian18.mp3,False,False
macedonian19.mp3,False,False
macedonian2.mp3,False,False
macedonian20.mp3,False,False
macedonian21.mp3,False,False
macedonian22.mp3,False,False
macedonian23.mp3,False,False
macedonian24.mp3,False,True
macedonian25.mp3,False,False
macedonian26.mp3,False,False
macedonian3.mp3,False,False
macedonian4.mp3,False,False
macedonian5.mp3,False,False
macedonian6.mp3,False,False
macedonian7.mp3,False,False
macedonian8.mp3,False,False
macedonian9.mp3,False,False
malagasy1.mp3,False,False
malay1.mp3,False,False
malay2.mp3,False,False
malay3.mp3,False,False
malay4.mp3,False,False
malay5.mp3,False,False
malayalam1.mp3,False,False
malayalam2.mp3,False,False
malayalam3.mp3,False,False
malayalam4.mp3,False,False
maltese1.mp3,False,True
maltese2.mp3,False,False
mandarin1.mp3,False,False
mandarin10.mp3,False,False
mandarin11.mp3,False,False
mandarin12.mp3,False,False
mandarin13.mp3,False,False
mandarin14.mp3,False,False
mandarin15.mp3,False,False
mandarin16.mp3,False,False
mandarin17.mp3,False,False
mandarin18.mp3,False,False
mandarin19.mp3,False,False
mandarin2.mp3,False,False
mandarin20.mp3,False,False
mandarin21.mp3,False,False
mandarin22.mp3,False,False
mandarin23.mp3,False,False
mandarin24.mp3,False,False
mandarin25.mp3,False,False
mandarin26.mp3,False,False
mandarin27.mp3,False,False
mandarin28.mp3,False,False
mandarin29.mp3,False,False
mandarin3.mp3,False,False
mandarin30.mp3,False,False
mandarin31.mp3,False,False
mandarin32.mp3,False,False
mandarin33.mp3,False,False
mandarin34.mp3,False,False
mandarin35.mp3,False,False
mandarin36.mp3,False,False
mandarin37.mp3,False,False
mandarin38.mp3,False,False
mandarin39.mp3,False,False
mandarin4.mp3,False,False
mandarin40.mp3,False,False
mandarin41.mp3,False,False
mandarin42.mp3,False,False
mandarin43.mp3,False,False
mandarin44.mp3,False,False
mandarin45.mp3,False,False
mandarin46.mp3,False,False
mandarin47.mp3,False,False
mandarin48.mp3,False,False
mandarin49.mp3,False,False
mandarin5.mp3,False,False
mandarin50.mp3,False,False
mandarin51.mp3,False,False
mandarin52.mp3,False,False
mandarin53.mp3,False,False
mandarin54.mp3,False,False
mandarin55.mp3,False,False
mandarin56.mp3,False,False
mandarin57.mp3,False,False
mandarin58.mp3,False,False
mandarin59.mp3,False,False
mandarin6.mp3,False,False
mandarin60.mp3,False,False
mandarin61.mp3,False,False
mandarin62.mp3,False,False
mandarin63.mp3,False,False
mandarin64.mp3,False,False
mandarin65.mp3,False,False
mandarin7.mp3,False,False
mandarin8.mp3,False,False
mandarin9.mp3,False,False
mandingo1.mp3,False,False
mandinka1.mp3,False,False
mankanya1.mp3,False,False
marathi1.mp3,False,False
marathi2.mp3,False,False
marathi3.mp3,False,False
mauritian1.mp3,False,False
mauritian2.mp3,False,False
mende1.mp3,False,False
mende2.mp3,False,False
mende3.mp3,False,False
miskito1.mp3,False,False
miskito10.mp3,False,False
miskito11.mp3,False,False
miskito2.mp3,False,False
miskito3.mp3,False,False
miskito4.mp3,False,False
miskito5.mp3,False,False
miskito6.mp3,False,False
miskito7.mp3,False,False
miskito8.mp3,False,False
miskito9.mp3,False,False
mizo1.mp3,False,False
moba1.mp3,False,False
mongolian1.mp3,False,False
mongolian2.mp3,False,False
mongolian3.mp3,False,False
mongolian4.mp3,False,False
mongolian5.mp3,False,False
mongolian6.mp3,False,False
mongolian7.mp3,False,False
mongolian8.mp3,False,False
mongolian9.mp3,False,False
moore1.mp3,False,False
mortlockese1.mp3,False,False
nama1.mp3,False,False
nandi1.mp3,False,False
naxi1.mp3,False,False
nepali1.mp3,False,False
nepali10.mp3,False,False
nepali11.mp3,False,False
nepali12.mp3,False,False
nepali13.mp3,False,False
nepali2.mp3,False,False
nepali3.mp3,False,False
nepali4.mp3,False,False
nepali5.mp3,False,False
nepali6.mp3,False,False
nepali7.mp3,False,False
nepali8.mp3,False,False
nepali9.mp3,False,False
newari1.mp3,False,False
ngemba1.mp3,False,False
ngemba2.mp3,False,False
norwegian1.mp3,False,False
norwegian2.mp3,False,False
norwegian3.mp3,False,False
norwegian4.mp3,False,False
norwegian5.mp3,False,False
norwegian6.mp3,False,False
nuer1.mp3,False,False
oriya1.mp3,False,False
oriya2.mp3,False,False
oromo1.mp3,False,False
oromo2.mp3,False,False
oromo3.mp3,False,False
papiamentu1.mp3,False,True
papiamentu2.mp3,False,False
pashto1.mp3,False,False
pashto10.mp3,False,False
pashto2.mp3,False,False
pashto3.mp3,False,False
pashto4.mp3,False,False
pashto5.mp3,False,False
pashto6.mp3,False,False
pashto7.mp3,False,False
pashto8.mp3,False,False
pashto9.mp3,False,False
pohnpeian1.mp3,False,False
polish1.mp3,False,False
polish10.mp3,False,False
polish11.mp3,False,False
polish12.mp3,False,False
polish13.mp3,False,False
polish14.mp3,False,False
polish15.mp3,False,False
polish16.mp3,False,False
polish17.mp3,False,False
polish18.mp3,False,False
polish19.mp3,False,False
polish2.mp3,False,False
polish20.mp3,False,True
polish21.mp3,False,False
polish22.mp3,False,True
polish23.mp3,False,False
polish24.mp3,False,False
polish25.mp3,False,False
polish26.mp3,False,False
polish27.mp3,False,False
polish28.mp3,False,False
polish29.mp3,False,False
polish3.mp3,False,False
polish30.mp3,False,False
polish31.mp3,False,False
polish32.mp3,False,False
polish33.mp3,False,False
polish34.mp3,False,False
polish4.mp3,False,False
polish5.mp3,False,False
polish6.mp3,False,False
polish7.mp3,False,False
polish8.mp3,False,False
polish9.mp3,False,False
portuguese1.mp3,False,False
portuguese10.mp3,False,False
portuguese11.mp3,False,False
portuguese12.mp3,False,False
portuguese13.mp3,False,False
portuguese14.mp3,False,False
portuguese15.mp3,False,False
portuguese16.mp3,False,False
portuguese17.mp3,False,False
portuguese18.mp3,False,False
portuguese19.mp3,False,False
portuguese2.mp3,False,False
portuguese20.mp3,False,False
portuguese21.mp3,False,False
portuguese22.mp3,False,False
portuguese23.mp3,False,False
portuguese24.mp3,False,False
portuguese25.mp3,False,False
portuguese26.mp3,False,False
portuguese27.mp3,False,False
portuguese28.mp3,False,False
portuguese29.mp3,False,False
portuguese3.mp3,False,False
portuguese30.mp3,False,False
portuguese31.mp3,False,False
portuguese32.mp3,False,False
portuguese33.mp3,False,False
portuguese34.mp3,False,False
portuguese35.mp3,False,False
portuguese36.mp3,False,False
portuguese37.mp3,False,False
portuguese38.mp3,False,False
portuguese39.mp3,False,False
portuguese4.mp3,False,False
portuguese40.mp3,False,False
portuguese41.mp3,False,False
portuguese42.mp3,False,False
portuguese43.mp3,False,False
portuguese44.mp3,False,False
portuguese45.mp3,False,False
portuguese46.mp3,False,False
portuguese47.mp3,False,False
portuguese48.mp3,False,False
portuguese5.mp3,False,False
portuguese6.mp3,False,False
portuguese7.mp3,False,False
portuguese8.mp3,False,False
portuguese9.mp3,False,False
pulaar1.mp3,False,False
pulaar2.mp3,False,False
pulaar3.mp3,False,False
punjabi1.mp3,False,False
punjabi10.mp3,False,False
punjabi2.mp3,False,False
punjabi3.mp3,False,False
punjabi4.mp3,False,False
punjabi5.mp3,False,False
punjabi6.mp3,False,False
punjabi7.mp3,False,False
punjabi8.mp3,False,False
punjabi9.mp3,False,False
quechua1.mp3,False,False
quechua2.mp3,False,False
romanian1.mp3,False,False
romanian10.mp3,False,False
romanian11.mp3,False,False
romanian12.mp3,False,False
romanian13.mp3,False,False
romanian14.mp3,False,False
romanian15.mp3,False,True
romanian16.mp3,False,False
romanian17.mp3,False,False
romanian18.mp3,False,False
romanian19.mp3,False,False
romanian2.mp3,False,False
romanian20.mp3,False,False
romanian3.mp3,False,False
romanian4.mp3,False,False
romanian5.mp3,False,False
romanian6.mp3,False,False
romanian7.mp3,False,False
romanian8.mp3,False,False
romanian9.mp3,False,False
rotuman1.mp3,False,False
rotuman2.mp3,False,False
rundi1.mp3,False,False
russian1.mp3,False,False
russian10.mp3,False,False
russian11.mp3,False,False
russian12.mp3,False,False
russian13.mp3,False,False
russian14.mp3,False,False
russian15.mp3,False,False
russian16.mp3,False,False
russian17.mp3,False,False
russian18.mp3,False,False
russian19.mp3,False,False
russian2.mp3,False,False
russian20.mp3,False,False
russian21.mp3,False,False
russian22.mp3,False,False
russian23.mp3,False,False
russian24.mp3,False,False
russian25.mp3,False,False
russian26.mp3,False,False
russian27.mp3,False,False
russian28.mp3,False,False
russian29.mp3,False,False
russian3.mp3,False,False
russian30.mp3,False,False
russian31.mp3,False,False
russian32.mp3,False,False
russian33.mp3,False,False
russian34.mp3,False,False
russian35.mp3,False,False
russian36.mp3,False,False
russian37.mp3,False,False
russian38.mp3,False,False
russian39.mp3,False,False
russian4.mp3,False,False
russian40.mp3,False,False
russian41.mp3,False,False
russian42.mp3,False,False
russian43.mp3,False,False
russian44.mp3,False,True
russian45.mp3,False,False
russian46.mp3,False,False
russian47.mp3,False,False
russian48.mp3,False,False
russian5.mp3,False,False
russian6.mp3,False,False
russian7.mp3,False,False
russian8.mp3,False,False
russian9.mp3,False,False
rwanda1.mp3,False,False
sa'a1.mp3,False,False
sardinian1.mp3,False,False
sarua1.mp3,False,False
satawalese1.mp3,False,False
satawalese2.mp3,False,False
serbian1.mp3,False,False
serbian10.mp3,False,False
serbian11.mp3,False,False
serbian12.mp3,False,False
serbian13.mp3,False,False
serbian14.mp3,False,False
serbian15.mp3,False,False
serbian16.mp3,False,False
serbian17.mp3,False,False
serbian18.mp3,False,False
serbian2.mp3,False,False
serbian3.mp3,False,False
serbian4.mp3,False,False
serbian5.mp3,False,False
serbian6.mp3,False,False
serbian7.mp3,False,False
serbian8.mp3,False,False
serbian9.mp3,False,False
serer1.mp3,False,False
sesotho1.mp3,False,False
shan1.mp3,False,False
shilluk1.mp3,False,False
shona1.mp3,False,True
shona2.mp3,False,False
sicilian1.mp3,False,False
sindhi1.mp3,False,False
sinhala6.mp3,False,False
slovak1.mp3,False,False
slovak2.mp3,False,False
slovak3.mp3,False,False
slovak4.mp3,False,False
slovak5.mp3,False,False
slovenian1.mp3,False,False
slovenian2.mp3,False,False
somali1.mp3,False,False
somali2.mp3,False,False
somali3.mp3,False,False
somali4.mp3,False,False
somali5.mp3,False,False
somali6.mp3,False,False
spanish1.mp3,False,False
spanish10.mp3,False,False
spanish100.mp3,False,False
spanish101.mp3,False,False
spanish102.mp3,False,False
spanish103.mp3,False,False
spanish104.mp3,False,False
spanish105.mp3,False,False
spanish106.mp3,False,False
spanish107.mp3,False,False
spanish108.mp3,False,False
spanish109.mp3,False,False
spanish11.mp3,False,False
spanish110.mp3,False,False
spanish111.mp3,False,False
spanish112.mp3,False,False
spanish113.mp3,False,False
spanish114.mp3,False,False
spanish115.mp3,False,False
spanish116.mp3,False,False
spanish117.mp3,False,False
spanish118.mp3,False,False
spanish119.mp3,False,False
spanish12.mp3,False,False
spanish120.mp3,False,False
spanish121.mp3,False,False
spanish122.mp3,False,False
spanish123.mp3,False,False
spanish124.mp3,False,False
spanish125.mp3,False,False
spanish126.mp3,False,False
spanish127.mp3,False,False
spanish128.mp3,False,False
spanish129.mp3,False,False
spanish13.mp3,False,False
spanish130.mp3,False,False
spanish131.mp3,False,False
spanish132.mp3,False,False
spanish133.mp3,False,False
spanish134.mp3,False,False
spanish135.mp3,False,False
spanish136.mp3,False,False
spanish137.mp3,False,False
spanish138.mp3,False,False
spanish139.mp3,False,False
spanish14.mp3,False,False
spanish140.mp3,False,False
spanish141.mp3,False,False
spanish142.mp3,False,False
spanish143.mp3,False,False
spanish144.mp3,False,False
spanish145.mp3,False,False
spanish146.mp3,False,False
spanish147.mp3,False,False
spanish148.mp3,False,False
spanish149.mp3,False,False
spanish15.mp3,False,False
spanish150.mp3,False,False
spanish151.mp3,False,False
spanish152.mp3,False,False
spanish153.mp3,False,False
spanish154.mp3,False,False
spanish155.mp3,False,False
spanish156.mp3,False,False
spanish157.mp3,False,False
spanish158.mp3,False,False
spanish159.mp3,False,False
spanish16.mp3,False,False
spanish160.mp3,False,False
spanish161.mp3,False,False
spanish162.mp3,False,False
spanish17.mp3,False,False
spanish18.mp3,False,False
spanish19.mp3,False,False
spanish2.mp3,False,False
spanish20.mp3,False,False
spanish21.mp3,False,False
spanish22.mp3,False,False
spanish23.mp3,False,False
spanish24.mp3,False,False
spanish25.mp3,False,False
spanish26.mp3,False,False
spanish27.mp3,False,False
spanish28.mp3,False,False
spanish29.mp3,False,False
spanish3.mp3,False,False
spanish30.mp3,False,False
spanish31.mp3,False,False
spanish32.mp3,False,False
spanish33.mp3,False,False
spanish34.mp3,False,False
spanish35.mp3,False,False
spanish36.mp3,False,False
spanish37.mp3,False,False
spanish38.mp3,False,False
spanish39.mp3,False,False
spanish4.mp3,False,False
spanish40.mp3,False,False
spanish41.mp3,False,False
spanish42.mp3,False,False
spanish43.mp3,False,False
spanish44.mp3,False,False
spanish45.mp3,False,False
spanish46.mp3,False,False
spanish47.mp3,False,False
spanish48.mp3,False,False
spanish49.mp3,False,False
spanish5.mp3,False,False
spanish50.mp3,False,False
spanish51.mp3,False,False
spanish52.mp3,False,False
spanish53.mp3,False,False
spanish54.mp3,False,False
spanish55.mp3,False,False
spanish56.mp3,False,False
spanish57.mp3,False,False
spanish58.mp3,False,False
spanish59.mp3,False,False
spanish6.mp3,False,False
spanish60.mp3,False,False
spanish61.mp3,False,False
spanish62.mp3,False,False
spanish63.mp3,False,False
spanish64.mp3,False,False
spanish65.mp3,False,False
spanish66.mp3,False,False
spanish67.mp3,False,False
spanish68.mp3,False,False
spanish69.mp3,False,False
spanish7.mp3,False,False
spanish70.mp3,False,False
spanish71.mp3,False,False
spanish72.mp3,False,False
spanish73.mp3,False,False
spanish74.mp3,False,False
spanish75.mp3,False,False
spanish76.mp3,False,False
spanish77.mp3,False,False
spanish78.mp3,False,False
spanish79.mp3,False,False
spanish8.mp3,False,False
spanish80.mp3,False,False
spanish81.mp3,False,False
spanish82.mp3,False,False
spanish83.mp3,False,False
spanish84.mp3,False,False
spanish85.mp3,False,False
spanish86.mp3,False,False
spanish87.mp3,False,False
spanish88.mp3,False,False
spanish89.mp3,False,False
spanish9.mp3,False,False
spanish90.mp3,False,False
spanish91.mp3,False,False
spanish92.mp3,False,False
spanish93.mp3,False,False
spanish94.mp3,False,False
spanish95.mp3,False,False
spanish96.mp3,False,False
spanish97.mp3,False,False
spanish98.mp3,False,False
spanish99.mp3,False,False
sundanese1.mp3,False,False
susu1.mp3,False,False
swedish1.mp3,False,False
swedish10.mp3,False,False
swedish11.mp3,False,False
swedish12.mp3,False,False
swedish13.mp3,False,False
swedish14.mp3,False,False
swedish15.mp3,False,False
swedish16.mp3,False,False
swedish17.mp3,False,False
swedish18.mp3,False,False
swedish19.mp3,False,False
swedish2.mp3,False,False
swedish20.mp3,False,False
swedish3.mp3,False,False
swedish4.mp3,False,False
swedish5.mp3,False,False
swedish6.mp3,False,False
swedish7.mp3,False,False
swedish8.mp3,False,False
swedish9.mp3,False,False
sylheti1.mp3,False,False
synthesized1.mp3,False,False
synthesized2.mp3,False,False
synthesized3.mp3,False,True
synthesized4.mp3,False,False
tagalog1.mp3,False,False
tagalog10.mp3,False,False
tagalog11.mp3,False,False
tagalog12.mp3,False,False
tagalog13.mp3,False,False
tagalog14.mp3,False,False
tagalog15.mp3,False,True
tagalog16.mp3,False,False
tagalog17.mp3,False,False
tagalog18.mp3,False,False
tagalog2.mp3,False,False
tagalog3.mp3,False,False
tagalog4.mp3,False,False
tagalog5.mp3,False,False
tagalog6.mp3,False,False
tagalog7.mp3,False,False
tagalog8.mp3,False,False
tagalog9.mp3,False,False
taishan1.mp3,False,False
taiwanese1.mp3,False,False
taiwanese2.mp3,False,False
taiwanese3.mp3,False,False
taiwanese4.mp3,False,False
taiwanese5.mp3,False,False
taiwanese6.mp3,False,False
taiwanese7.mp3,False,False
taiwanese8.mp3,False,False
tajiki1.mp3,False,False
tajiki2.mp3,False,False
tajiki3.mp3,False,False
tamil1.mp3,False,False
tamil2.mp3,False,False
tamil3.mp3,False,False
tamil4.mp3,False,False
tamil5.mp3,False,False
tamil6.mp3,False,False
tatar1.mp3,False,False
telugu1.mp3,False,False
telugu2.mp3,False,False
temne1.mp3,False,False
teochew1.mp3,False,False
thai1.mp3,False,False
thai10.mp3,False,False
thai11.mp3,False,False
thai12.mp3,False,False
thai13.mp3,False,False
thai14.mp3,False,False
thai15.mp3,False,False
thai2.mp3,False,False
thai3.mp3,False,False
thai4.mp3,False,False
thai5.mp3,False,False
thai6.mp3,False,False
thai7.mp3,False,False
thai8.mp3,False,False
thai9.mp3,False,False
tibetan1.mp3,False,False
tibetan2.mp3,False,False
tibetan3.mp3,False,False
tigrigna1.mp3,False,False
tigrigna2.mp3,False,False
tigrigna3.mp3,False,False
tigrigna4.mp3,False,False
tigrigna5.mp3,False,False
tigrigna6.mp3,False,False
tigrigna7.mp3,False,False
tigrigna8.mp3,False,False
tswana1.mp3,False,False
tswana2.mp3,False,False
turkish1.mp3,False,False
turkish10.mp3,False,False
turkish11.mp3,False,False
turkish12.mp3,False,False
turkish13.mp3,False,False
turkish14.mp3,False,False
turkish15.mp3,False,False
turkish16.mp3,False,False
turkish17.mp3,False,False
turkish18.mp3,False,False
turkish19.mp3,False,False
turkish2.mp3,False,False
turkish20.mp3,False,False
turkish21.mp3,False,False
turkish22.mp3,False,False
turkish23.mp3,False,False
turkish24.mp3,False,False
turkish25.mp3,False,False
turkish26.mp3,False,False
turkish27.mp3,False,False
turkish28.mp3,False,False
turkish29.mp3,False,False
turkish3.mp3,False,False
turkish30.mp3,False,False
turkish31.mp3,False,False
turkish32.mp3,False,False
turkish33.mp3,False,False
turkish34.mp3,False,False
turkish35.mp3,False,False
turkish36.mp3,False,False
turkish37.mp3,False,False
turkish4.mp3,False,False
turkish5.mp3,False,False
turkish6.mp3,False,False
turkish7.mp3,False,False
turkish8.mp3,False,False
turkish9.mp3,False,False
turkmen1.mp3,False,False
twi1.mp3,False,False
twi2.mp3,False,False
twi4.mp3,False,False
twi5.mp3,False,False
twi6.mp3,False,False
ukrainian1.mp3,False,False
ukrainian10.mp3,False,False
ukrainian11.mp3,False,False
ukrainian2.mp3,False,False
ukrainian3.mp3,False,False
ukrainian4.mp3,False,False
ukrainian5.mp3,False,False
ukrainian6.mp3,False,False
ukrainian7.mp3,False,False
ukrainian8.mp3,False,False
ukrainian9.mp3,False,False
urdu1.mp3,False,False
urdu10.mp3,False,False
urdu11.mp3,False,False
urdu12.mp3,False,False
urdu13.mp3,False,False
urdu14.mp3,False,False
urdu15.mp3,False,False
urdu16.mp3,False,False
urdu2.mp3,False,False
urdu3.mp3,False,False
urdu4.mp3,False,False
urdu5.mp3,False,False
urdu6.mp3,False,False
urdu7.mp3,False,False
urdu8.mp3,False,False
urdu9.mp3,False,False
uyghur1.mp3,False,False
uyghur2.mp3,False,False
uyghur3.mp3,False,False
uzbek1.mp3,False,False
uzbek2.mp3,False,False
uzbek3.mp3,False,False
uzbek4.mp3,False,False
vietnamese1.mp3,False,False
vietnamese10.mp3,False,False
vietnamese11.mp3,False,False
vietnamese12.mp3,False,False
vietnamese13.mp3,False,False
vietnamese14.mp3,False,False
vietnamese15.mp3,False,False
vietnamese16.mp3,False,False
vietnamese17.mp3,False,False
vietnamese18.mp3,False,False
vietnamese19.mp3,False,False
vietnamese2.mp3,False,False
vietnamese20.mp3,False,False
vietnamese21.mp3,False,False
vietnamese22.mp3,False,False
vietnamese3.mp3,False,False
vietnamese4.mp3,False,False
vietnamese5.mp3,False,False
vietnamese6.mp3,False,False
vietnamese7.mp3,False,False
vietnamese8.mp3,False,False
vietnamese9.mp3,False,False
vlaams1.mp3,False,False
vlaams2.mp3,False,True
vlaams3.mp3,False,False
vlaams4.mp3,False,False
wolof1.mp3,False,False
wolof2.mp3,False,False
wolof3.mp3,False,False
wolof4.mp3,False,False
wolof5.mp3,False,False
wolof6.mp3,False,False
wu1.mp3,False,False
xasonga1.mp3,False,False
xiang1.mp3,False,False
xiang2.mp3,False,False
xiang3.mp3,False,False
xiang4.mp3,False,False
yakut1.mp3,False,False
yapese1.mp3,False,False
yiddish1.mp3,False,False
yiddish2.mp3,False,False
yiddish3.mp3,False,False
yiddish4.mp3,False,False
yiddish5.mp3,False,False
yoruba1.mp3,False,False
yoruba2.mp3,False,True
yoruba3.mp3,False,False
yoruba4.mp3,False,False
yoruba5.mp3,False,False
yupik1.mp3,False,False
zulu1.mp3,False,False
